solid OpenSCAD_Model
  facet normal 0 0 -1
    outer loop
      vertex 0.09160591402531715 -4.021484447085779 0
      vertex -1.2223337709489766 -3.319169053499343 0
      vertex -2.3740115370177612 -2.3740115370177612 0
    endloop
  endfacet
  facet normal 0 0 -1
    outer loop
      vertex 0.09160591402531715 -4.021484447085779 0
      vertex -0.5826151998775817 -3.7026016090474982 0
      vertex -1.2223337709489766 -3.319169053499343 0
    endloop
  endfacet
  facet normal 0 0 -1
    outer loop
      vertex 0.09160591402531715 -4.021484447085779 0
      vertex -2.3740115370177612 -2.3740115370177612 0
      vertex 3 -4.6 0
    endloop
  endfacet
  facet normal 0 0 -1
    outer loop
      vertex -2.3740115370177612 -2.3740115370177612 0
      vertex -2.874879445556801 -1.8213889596437056 0
      vertex -3.319169053499343 -1.2223337709489766 0
    endloop
  endfacet
  facet normal 0 0 -1
    outer loop
      vertex -1.2223337709489766 -3.319169053499343 0
      vertex -1.8213889596437056 -2.874879445556801 0
      vertex -2.3740115370177612 -2.3740115370177612 0
    endloop
  endfacet
  facet normal 0 0 -1
    outer loop
      vertex 0.09160591402531715 -4.021484447085779 0
      vertex 1.5173135526774253 -4.453968131064551 0
      vertex 0.7938364528660866 -4.272746551564786 0
    endloop
  endfacet
  facet normal 0 0 -1
    outer loop
      vertex 0.09160591402531715 -4.021484447085779 0
      vertex 3 -4.6 0
      vertex 1.5173135526774253 -4.453968131064551 0
    endloop
  endfacet
  facet normal 0 0 -1
    outer loop
      vertex 1.5173135526774253 -4.453968131064551 0
      vertex 3 -4.6 0
      vertex 2.25506973349534 -4.563403922708696 0
    endloop
  endfacet
  facet normal -0.3368898533922187 -0.9415440651830214 -5.541205845304608e-18
    outer loop
      vertex 0.09160591402531715 -4.021484447085779 0
      vertex 0.7938364528660866 -4.272746551564786 0
      vertex 0.7938364528660866 -4.272746551564786 2
    endloop
  endfacet
  facet normal -0.5141027441932223 -0.8577286100002718 -1.372861684244655e-18
    outer loop
      vertex -1.2223337709489766 -3.319169053499343 0
      vertex -0.5826151998775817 -3.7026016090474982 0
      vertex -0.5826151998775817 -3.7026016090474982 2
    endloop
  endfacet
  facet normal -0.42755509343028236 -0.9039892931234432 -7.570525539028977e-18
    outer loop
      vertex 0.09160591402531715 -4.021484447085779 0
      vertex -0.5826151998775817 -3.7026016090474982 2
      vertex -0.5826151998775817 -3.7026016090474982 0
    endloop
  endfacet
  facet normal -0.6715589548470184 -0.7409511253549591 -2.681014497616958e-18
    outer loop
      vertex -2.3740115370177612 -2.3740115370177612 0
      vertex -1.8213889596437056 -2.874879445556801 0
      vertex -1.8213889596437056 -2.874879445556801 2
    endloop
  endfacet
  facet normal -0.7409511253549591 -0.6715589548470184 -2.681014497616958e-18
    outer loop
      vertex -2.3740115370177612 -2.3740115370177612 0
      vertex -2.874879445556801 -1.8213889596437056 2
      vertex -2.874879445556801 -1.8213889596437056 0
    endloop
  endfacet
  facet normal -0.8032075314806456 -0.5956993044924325 0
    outer loop
      vertex -2.874879445556801 -1.8213889596437056 0
      vertex -2.874879445556801 -1.8213889596437056 2
      vertex -3.319169053499343 -1.2223337709489766 0
    endloop
  endfacet
  facet normal -0.5956993044924325 -0.8032075314806456 1.8169046355397105e-17
    outer loop
      vertex -1.2223337709489766 -3.319169053499343 0
      vertex -1.8213889596437056 -2.874879445556801 2
      vertex -1.8213889596437056 -2.874879445556801 0
    endloop
  endfacet
  facet normal -0.2429801799032646 -0.9700312531945439 0
    outer loop
      vertex 0.7938364528660866 -4.272746551564786 0
      vertex 1.5173135526774253 -4.453968131064551 0
      vertex 0.7938364528660866 -4.272746551564786 2
    endloop
  endfacet
  facet normal -0.1467304744553622 -0.9891765099647809 0
    outer loop
      vertex 1.5173135526774253 -4.453968131064551 0
      vertex 2.25506973349534 -4.563403922708696 0
      vertex 1.5173135526774253 -4.453968131064551 2
    endloop
  endfacet
  facet normal -0.049067674327417724 -0.9987954562051724 5.703478887021014e-19
    outer loop
      vertex 2.25506973349534 -4.563403922708696 0
      vertex 3 -4.6 0
      vertex 3 -4.6 2
    endloop
  endfacet
  facet normal 0 0 -1
    outer loop
      vertex -2.3740115370177612 -2.3740115370177612 0
      vertex -3.319169053499343 -1.2223337709489766 0
      vertex -4.021484447085779 0.09160591402531715 0
    endloop
  endfacet
  facet normal 0 0 -1
    outer loop
      vertex -3.319169053499343 -1.2223337709489766 0
      vertex -3.7026016090474982 -0.5826151998775817 0
      vertex -4.021484447085779 0.09160591402531715 0
    endloop
  endfacet
  facet normal 0 0 -1
    outer loop
      vertex -2.3740115370177612 -2.3740115370177612 0
      vertex -4.6 3 0
      vertex 3 -4.6 0
    endloop
  endfacet
  facet normal 0 0 -1
    outer loop
      vertex -2.3740115370177612 -2.3740115370177612 0
      vertex -4.021484447085779 0.09160591402531715 0
      vertex -4.6 3 0
    endloop
  endfacet
  facet normal 0 0 -1
    outer loop
      vertex -4.021484447085779 0.09160591402531715 0
      vertex -4.272746551564786 0.7938364528660866 0
      vertex -4.453968131064551 1.5173135526774253 0
    endloop
  endfacet
  facet normal -0.8577286100002718 -0.5141027441932223 -1.372861684244655e-18
    outer loop
      vertex -3.319169053499343 -1.2223337709489766 0
      vertex -3.7026016090474982 -0.5826151998775817 2
      vertex -3.7026016090474982 -0.5826151998775817 0
    endloop
  endfacet
  facet normal -0.9039892931234432 -0.42755509343028236 0
    outer loop
      vertex -3.7026016090474982 -0.5826151998775817 0
      vertex -3.7026016090474982 -0.5826151998775817 2
      vertex -4.021484447085779 0.09160591402531715 0
    endloop
  endfacet
  facet normal -0.9415440651830214 -0.3368898533922187 0
    outer loop
      vertex -4.021484447085779 0.09160591402531715 0
      vertex -4.021484447085779 0.09160591402531715 2
      vertex -4.272746551564786 0.7938364528660866 0
    endloop
  endfacet
  facet normal -0.9700312531945439 -0.2429801799032646 2.826163216660895e-18
    outer loop
      vertex -4.272746551564786 0.7938364528660866 0
      vertex -4.453968131064551 1.5173135526774253 2
      vertex -4.453968131064551 1.5173135526774253 0
    endloop
  endfacet
  facet normal -0.42755509343028236 -0.9039892931234432 0
    outer loop
      vertex 0.09160591402531715 -4.021484447085779 0
      vertex 0.09160591402531715 -4.021484447085779 2
      vertex -0.5826151998775817 -3.7026016090474982 2
    endloop
  endfacet
  facet normal -0.3368898533922187 -0.9415440651830214 0
    outer loop
      vertex 0.09160591402531715 -4.021484447085779 0
      vertex 0.7938364528660866 -4.272746551564786 2
      vertex 0.09160591402531715 -4.021484447085779 2
    endloop
  endfacet
  facet normal -0.5956993044924325 -0.8032075314806456 0
    outer loop
      vertex -1.2223337709489766 -3.319169053499343 0
      vertex -1.2223337709489766 -3.319169053499343 2
      vertex -1.8213889596437056 -2.874879445556801 2
    endloop
  endfacet
  facet normal -0.5141027441932223 -0.8577286100002718 0
    outer loop
      vertex -1.2223337709489766 -3.319169053499343 0
      vertex -0.5826151998775817 -3.7026016090474982 2
      vertex -1.2223337709489766 -3.319169053499343 2
    endloop
  endfacet
  facet normal -0.6715589548470184 -0.7409511253549591 0
    outer loop
      vertex -2.3740115370177612 -2.3740115370177612 0
      vertex -1.8213889596437056 -2.874879445556801 2
      vertex -2.3740115370177612 -2.3740115370177612 2
    endloop
  endfacet
  facet normal -0.7409511253549591 -0.6715589548470184 0
    outer loop
      vertex -2.3740115370177612 -2.3740115370177612 0
      vertex -2.3740115370177612 -2.3740115370177612 2
      vertex -2.874879445556801 -1.8213889596437056 2
    endloop
  endfacet
  facet normal -0.2429801799032646 -0.9700312531945439 0
    outer loop
      vertex 1.5173135526774253 -4.453968131064551 0
      vertex 1.5173135526774253 -4.453968131064551 2
      vertex 0.7938364528660866 -4.272746551564786 2
    endloop
  endfacet
  facet normal -0.1467304744553622 -0.9891765099647809 0
    outer loop
      vertex 2.25506973349534 -4.563403922708696 0
      vertex 2.25506973349534 -4.563403922708696 2
      vertex 1.5173135526774253 -4.453968131064551 2
    endloop
  endfacet
  facet normal -0.049067674327417724 -0.9987954562051724 0
    outer loop
      vertex 2.25506973349534 -4.563403922708696 0
      vertex 3 -4.6 2
      vertex 2.25506973349534 -4.563403922708696 2
    endloop
  endfacet
  facet normal -0.8577286100002718 -0.5141027441932223 0
    outer loop
      vertex -3.319169053499343 -1.2223337709489766 0
      vertex -3.319169053499343 -1.2223337709489766 2
      vertex -3.7026016090474982 -0.5826151998775817 2
    endloop
  endfacet
  facet normal -0.8032075314806456 -0.5956993044924325 0
    outer loop
      vertex -3.319169053499343 -1.2223337709489766 0
      vertex -2.874879445556801 -1.8213889596437056 2
      vertex -3.319169053499343 -1.2223337709489766 2
    endloop
  endfacet
  facet normal -0.9039892931234432 -0.42755509343028236 0
    outer loop
      vertex -4.021484447085779 0.09160591402531715 0
      vertex -3.7026016090474982 -0.5826151998775817 2
      vertex -4.021484447085779 0.09160591402531715 2
    endloop
  endfacet
  facet normal -0.9415440651830214 -0.3368898533922187 0
    outer loop
      vertex -4.272746551564786 0.7938364528660866 0
      vertex -4.021484447085779 0.09160591402531715 2
      vertex -4.272746551564786 0.7938364528660866 2
    endloop
  endfacet
  facet normal -0.9700312531945439 -0.2429801799032646 0
    outer loop
      vertex -4.272746551564786 0.7938364528660866 0
      vertex -4.272746551564786 0.7938364528660866 2
      vertex -4.453968131064551 1.5173135526774253 2
    endloop
  endfacet
  facet normal 0 0 -1
    outer loop
      vertex -4.021484447085779 0.09160591402531715 0
      vertex -4.453968131064551 1.5173135526774253 0
      vertex -4.6 3 0
    endloop
  endfacet
  facet normal 0 0 -1
    outer loop
      vertex -4.453968131064551 1.5173135526774253 0
      vertex -4.563403922708696 2.25506973349534 0
      vertex -4.6 3 0
    endloop
  endfacet
  facet normal -0.9891765099647809 -0.1467304744553622 -1.610555523230278e-18
    outer loop
      vertex -4.453968131064551 1.5173135526774253 0
      vertex -4.563403922708696 2.25506973349534 2
      vertex -4.563403922708696 2.25506973349534 0
    endloop
  endfacet
  facet normal -0.9987954562051724 -0.049067674327417724 0
    outer loop
      vertex -4.563403922708696 2.25506973349534 0
      vertex -4.563403922708696 2.25506973349534 2
      vertex -4.6 3 0
    endloop
  endfacet
  facet normal -0.9891765099647809 -0.1467304744553622 0
    outer loop
      vertex -4.453968131064551 1.5173135526774253 0
      vertex -4.453968131064551 1.5173135526774253 2
      vertex -4.563403922708696 2.25506973349534 2
    endloop
  endfacet
  facet normal -0.9987954562051724 -0.049067674327417724 0
    outer loop
      vertex -4.6 3 0
      vertex -4.563403922708696 2.25506973349534 2
      vertex -4.6 3 2
    endloop
  endfacet
  facet normal 0 0 1
    outer loop
      vertex 0.09160591402531715 -4.021484447085779 2
      vertex -1.8213889596437056 -2.874879445556801 2
      vertex -0.5826151998775817 -3.7026016090474982 2
    endloop
  endfacet
  facet normal 0 0 1
    outer loop
      vertex -1.2223337709489766 -3.319169053499343 2
      vertex -0.5826151998775817 -3.7026016090474982 2
      vertex -1.8213889596437056 -2.874879445556801 2
    endloop
  endfacet
  facet normal 0 0 1
    outer loop
      vertex 0.09160591402531715 -4.021484447085779 2
      vertex 3 -4.6 2
      vertex -1.8213889596437056 -2.874879445556801 2
    endloop
  endfacet
  facet normal 0 0 1
    outer loop
      vertex -2.3740115370177612 -2.3740115370177612 2
      vertex -1.8213889596437056 -2.874879445556801 2
      vertex -2.874879445556801 -1.8213889596437056 2
    endloop
  endfacet
  facet normal 0 0 1
    outer loop
      vertex -2.874879445556801 -1.8213889596437056 2
      vertex -1.8213889596437056 -2.874879445556801 2
      vertex -3.319169053499343 -1.2223337709489766 2
    endloop
  endfacet
  facet normal 0 0 1
    outer loop
      vertex -1.8213889596437056 -2.874879445556801 2
      vertex 3 -4.6 2
      vertex -4.453968131064551 1.5173135526774253 2
    endloop
  endfacet
  facet normal 0 0 1
    outer loop
      vertex 0.09160591402531715 -4.021484447085779 2
      vertex 0.7938364528660866 -4.272746551564786 2
      vertex 3 -4.6 2
    endloop
  endfacet
  facet normal 0 0 1
    outer loop
      vertex 0.7938364528660866 -4.272746551564786 2
      vertex 1.5173135526774253 -4.453968131064551 2
      vertex 3 -4.6 2
    endloop
  endfacet
  facet normal 0 0 1
    outer loop
      vertex 1.5173135526774253 -4.453968131064551 2
      vertex 2.25506973349534 -4.563403922708696 2
      vertex 3 -4.6 2
    endloop
  endfacet
  facet normal 0 0 1
    outer loop
      vertex -3.319169053499343 -1.2223337709489766 2
      vertex -4.021484447085779 0.09160591402531715 2
      vertex -3.7026016090474982 -0.5826151998775817 2
    endloop
  endfacet
  facet normal 0 0 1
    outer loop
      vertex -1.8213889596437056 -2.874879445556801 2
      vertex -4.453968131064551 1.5173135526774253 2
      vertex -3.319169053499343 -1.2223337709489766 2
    endloop
  endfacet
  facet normal 0 0 1
    outer loop
      vertex -3.319169053499343 -1.2223337709489766 2
      vertex -4.453968131064551 1.5173135526774253 2
      vertex -4.021484447085779 0.09160591402531715 2
    endloop
  endfacet
  facet normal 0 0 1
    outer loop
      vertex -4.021484447085779 0.09160591402531715 2
      vertex -4.453968131064551 1.5173135526774253 2
      vertex -4.272746551564786 0.7938364528660866 2
    endloop
  endfacet
  facet normal 0 0 1
    outer loop
      vertex 3 -4.6 2
      vertex 3.1911897158022637 2.6528891639966816 2
      vertex 3.132945806790323 2.6615288317580617 2
    endloop
  endfacet
  facet normal 0 0 1
    outer loop
      vertex 3 -4.6 2
      vertex 3.132945806790323 2.6615288317580617 2
      vertex 3.0758291936473228 2.6758357985606747 2
    endloop
  endfacet
  facet normal 0 0 1
    outer loop
      vertex 3 -4.6 2
      vertex 3.25 2.65 2
      vertex 3.1911897158022637 2.6528891639966816 2
    endloop
  endfacet
  facet normal 0 0 1
    outer loop
      vertex 3 -4.6 2
      vertex 2.8693640295018126 2.786193727982358 2
      vertex 2.8257359312880714 2.8257359312880714 2
    endloop
  endfacet
  facet normal 0 0 1
    outer loop
      vertex 3 -4.6 2
      vertex 2.9166578601882387 2.751118232618473 2
      vertex 2.8693640295018126 2.786193727982358 2
    endloop
  endfacet
  facet normal 0 0 1
    outer loop
      vertex 3 -4.6 2
      vertex 2.8257359312880714 2.8257359312880714 2
      vertex 2.786193727982358 2.8693640295018126 2
    endloop
  endfacet
  facet normal 0 0 1
    outer loop
      vertex 3 -4.6 2
      vertex 2.751118232618473 2.9166578601882387 2
      vertex 2.7208472413909868 2.9671619579044015 2
    endloop
  endfacet
  facet normal 0 0 1
    outer loop
      vertex 3 -4.6 2
      vertex 2.786193727982358 2.8693640295018126 2
      vertex 2.751118232618473 2.9166578601882387 2
    endloop
  endfacet
  facet normal 0 0 1
    outer loop
      vertex 3 -4.6 2
      vertex 3.0758291936473228 2.6758357985606747 2
      vertex 3.0203899405809462 2.695672280493228 2
    endloop
  endfacet
  facet normal 0 0 1
    outer loop
      vertex 3 -4.6 2
      vertex 3.0203899405809462 2.695672280493228 2
      vertex 2.9671619579044015 2.7208472413909868 2
    endloop
  endfacet
  facet normal 0 0 1
    outer loop
      vertex 3 -4.6 2
      vertex 2.9671619579044015 2.7208472413909868 2
      vertex 2.9166578601882387 2.751118232618473 2
    endloop
  endfacet
  facet normal 0 0 1
    outer loop
      vertex 3 -4.6 2
      vertex 2.695672280493228 3.0203899405809462 2
      vertex 2.6758357985606747 3.0758291936473228 2
    endloop
  endfacet
  facet normal 0 0 1
    outer loop
      vertex 3 -4.6 2
      vertex 2.7208472413909868 2.9671619579044015 2
      vertex 2.695672280493228 3.0203899405809462 2
    endloop
  endfacet
  facet normal 0 0 1
    outer loop
      vertex 3 -4.6 2
      vertex 2.6615288317580617 3.132945806790323 2
      vertex 2.6528891639966816 3.1911897158022637 2
    endloop
  endfacet
  facet normal 0 0 1
    outer loop
      vertex 3 -4.6 2
      vertex 2.6758357985606747 3.0758291936473228 2
      vertex 2.6615288317580617 3.132945806790323 2
    endloop
  endfacet
  facet normal 0 0 1
    outer loop
      vertex 3 -4.6 2
      vertex 2.6528891639966816 3.1911897158022637 2
      vertex 2.65 3.25 2
    endloop
  endfacet
  facet normal 0 0 1
    outer loop
      vertex -4.453968131064551 1.5173135526774253 2
      vertex -4.6 3 2
      vertex -4.563403922708696 2.25506973349534 2
    endloop
  endfacet
  facet normal -1 0 0
    outer loop
      vertex -4.6 3 0
      vertex -4.6 3 2
      vertex -4.6 35.599999999999994 0
    endloop
  endfacet
  facet normal 0 0 1
    outer loop
      vertex 3 -4.6 2
      vertex -4.453968131064551 37.082686447322565 2
      vertex -4.453968131064551 1.5173135526774253 2
    endloop
  endfacet
  facet normal 0 0 1
    outer loop
      vertex 3 -4.6 2
      vertex 2.65 3.25 2
      vertex -4.453968131064551 37.082686447322565 2
    endloop
  endfacet
  facet normal 0 0 1
    outer loop
      vertex -4.453968131064551 1.5173135526774253 2
      vertex -4.453968131064551 37.082686447322565 2
      vertex -4.6 3 2
    endloop
  endfacet
  facet normal 0 0 1
    outer loop
      vertex 5.454909677983872 4.66921471959677 2
      vertex 5.551982859670439 4.654815273327802 2
      vertex 5.65 33.949999999999996 2
    endloop
  endfacet
  facet normal 0 0 1
    outer loop
      vertex 5.359715322745538 4.693059664267791 2
      vertex 5.454909677983872 4.66921471959677 2
      vertex 5.65 33.949999999999996 2
    endloop
  endfacet
  facet normal 0 0 1
    outer loop
      vertex 5.551982859670439 4.654815273327802 2
      vertex 5.65 4.65 2
      vertex 5.65 33.949999999999996 2
    endloop
  endfacet
  facet normal 0 0 1
    outer loop
      vertex 4.7261204674887125 5.267316567634911 2
      vertex 4.768078735651645 5.178603263174002 2
      vertex 4.768078735651645 33.421396736826 2
    endloop
  endfacet
  facet normal 0 0 1
    outer loop
      vertex 4.818530387697455 5.094429766980397 2
      vertex 4.8769895466372635 5.015606715836354 2
      vertex 4.8769895466372635 33.584393284163646 2
    endloop
  endfacet
  facet normal 0 0 1
    outer loop
      vertex 4.768078735651645 5.178603263174002 2
      vertex 4.818530387697455 5.094429766980397 2
      vertex 4.818530387697455 33.5055702330196 2
    endloop
  endfacet
  facet normal 0 0 1
    outer loop
      vertex 4.8769895466372635 5.015606715836354 2
      vertex 4.9428932188134524 4.9428932188134524 2
      vertex 5.015606715836354 33.72301045336273 2
    endloop
  endfacet
  facet normal 0 0 1
    outer loop
      vertex 5.015606715836354 4.8769895466372635 2
      vertex 5.094429766980397 4.818530387697455 2
      vertex 5.65 33.949999999999996 2
    endloop
  endfacet
  facet normal 0 0 1
    outer loop
      vertex 4.9428932188134524 4.9428932188134524 2
      vertex 5.015606715836354 4.8769895466372635 2
      vertex 5.65 33.949999999999996 2
    endloop
  endfacet
  facet normal 0 0 1
    outer loop
      vertex 4.693059664267791 5.359715322745538 2
      vertex 4.7261204674887125 5.267316567634911 2
      vertex 4.7261204674887125 33.33268343236509 2
    endloop
  endfacet
  facet normal 0 0 1
    outer loop
      vertex 4.66921471959677 5.454909677983872 2
      vertex 4.693059664267791 5.359715322745538 2
      vertex 4.693059664267791 33.24028467725446 2
    endloop
  endfacet
  facet normal 0 0 1
    outer loop
      vertex 4.654815273327802 5.551982859670439 2
      vertex 4.66921471959677 5.454909677983872 2
      vertex 4.66921471959677 33.145090322016124 2
    endloop
  endfacet
  facet normal 0 0 1
    outer loop
      vertex 4.65 5.65 2
      vertex 4.654815273327802 5.551982859670439 2
      vertex 4.654815273327802 33.048017140329556 2
    endloop
  endfacet
  facet normal 0 0 1
    outer loop
      vertex 5.178603263174002 4.768078735651645 2
      vertex 5.267316567634911 4.7261204674887125 2
      vertex 5.65 33.949999999999996 2
    endloop
  endfacet
  facet normal 0 0 1
    outer loop
      vertex 5.094429766980397 4.818530387697455 2
      vertex 5.178603263174002 4.768078735651645 2
      vertex 5.65 33.949999999999996 2
    endloop
  endfacet
  facet normal 0 0 1
    outer loop
      vertex 5.267316567634911 4.7261204674887125 2
      vertex 5.359715322745538 4.693059664267791 2
      vertex 5.65 33.949999999999996 2
    endloop
  endfacet
  facet normal 0 -1 0
    outer loop
      vertex 3 -4.6 0
      vertex 156 -4.6 0
      vertex 3 -4.6 2
    endloop
  endfacet
  facet normal 0 0 -1
    outer loop
      vertex 3 -4.6 0
      vertex -4.6 3 0
      vertex 163.6 3 0
    endloop
  endfacet
  facet normal 0 0 1
    outer loop
      vertex 3 -4.6 2
      vertex 158.2061635471339 -4.272746551564786 2
      vertex 3.25 2.65 2
    endloop
  endfacet
  facet normal 0 0 -1
    outer loop
      vertex -4.6 3 0
      vertex 3 43.199999999999996 0
      vertex 163.6 3 0
    endloop
  endfacet
  facet normal 0 0 1
    outer loop
      vertex 153.35 4.65 2
      vertex 5.65 33.949999999999996 2
      vertex 5.65 4.65 2
    endloop
  endfacet
  facet normal 0 0 -1
    outer loop
      vertex -4.6 3 0
      vertex -4.6 35.599999999999994 0
      vertex -4.453968131064551 37.082686447322565 0
    endloop
  endfacet
  facet normal -1 0 0
    outer loop
      vertex -4.6 3 2
      vertex -4.6 35.599999999999994 2
      vertex -4.6 35.599999999999994 0
    endloop
  endfacet
  facet normal 0 0 -1
    outer loop
      vertex -4.6 3 0
      vertex -4.453968131064551 37.082686447322565 0
      vertex 3 43.199999999999996 0
    endloop
  endfacet
  facet normal 0 0 1
    outer loop
      vertex -4.6 3 2
      vertex -4.453968131064551 37.082686447322565 2
      vertex -4.6 35.599999999999994 2
    endloop
  endfacet
  facet normal 0 0 1
    outer loop
      vertex -4.453968131064551 37.082686447322565 2
      vertex 2.65 3.25 2
      vertex 2.65 35.349999999999994 2
    endloop
  endfacet
  facet normal 0 0 1
    outer loop
      vertex 4.654815273327802 5.551982859670439 2
      vertex 4.66921471959677 33.145090322016124 2
      vertex 4.654815273327802 33.048017140329556 2
    endloop
  endfacet
  facet normal 0 0 1
    outer loop
      vertex 4.65 5.65 2
      vertex 4.654815273327802 33.048017140329556 2
      vertex 4.65 32.949999999999996 2
    endloop
  endfacet
  facet normal 0 0 1
    outer loop
      vertex 4.66921471959677 5.454909677983872 2
      vertex 4.693059664267791 33.24028467725446 2
      vertex 4.66921471959677 33.145090322016124 2
    endloop
  endfacet
  facet normal 0 0 1
    outer loop
      vertex 4.7261204674887125 5.267316567634911 2
      vertex 4.768078735651645 33.421396736826 2
      vertex 4.7261204674887125 33.33268343236509 2
    endloop
  endfacet
  facet normal 0 0 1
    outer loop
      vertex 4.693059664267791 5.359715322745538 2
      vertex 4.7261204674887125 33.33268343236509 2
      vertex 4.693059664267791 33.24028467725446 2
    endloop
  endfacet
  facet normal 0 0 1
    outer loop
      vertex 4.768078735651645 5.178603263174002 2
      vertex 4.818530387697455 33.5055702330196 2
      vertex 4.768078735651645 33.421396736826 2
    endloop
  endfacet
  facet normal 0 0 1
    outer loop
      vertex 4.8769895466372635 5.015606715836354 2
      vertex 4.9428932188134524 33.65710678118654 2
      vertex 4.8769895466372635 33.584393284163646 2
    endloop
  endfacet
  facet normal 0 0 1
    outer loop
      vertex 4.818530387697455 5.094429766980397 2
      vertex 4.8769895466372635 33.584393284163646 2
      vertex 4.818530387697455 33.5055702330196 2
    endloop
  endfacet
  facet normal 0 0 1
    outer loop
      vertex 4.9428932188134524 4.9428932188134524 2
      vertex 5.094429766980397 33.781469612302544 2
      vertex 5.015606715836354 33.72301045336273 2
    endloop
  endfacet
  facet normal 0 0 1
    outer loop
      vertex 4.8769895466372635 5.015606715836354 2
      vertex 5.015606715836354 33.72301045336273 2
      vertex 4.9428932188134524 33.65710678118654 2
    endloop
  endfacet
  facet normal 0 0 1
    outer loop
      vertex 4.9428932188134524 4.9428932188134524 2
      vertex 5.178603263174002 33.83192126434835 2
      vertex 5.094429766980397 33.781469612302544 2
    endloop
  endfacet
  facet normal 0 0 1
    outer loop
      vertex 4.9428932188134524 4.9428932188134524 2
      vertex 5.359715322745538 33.90694033573221 2
      vertex 5.267316567634911 33.87387953251128 2
    endloop
  endfacet
  facet normal 0 0 1
    outer loop
      vertex 4.9428932188134524 4.9428932188134524 2
      vertex 5.267316567634911 33.87387953251128 2
      vertex 5.178603263174002 33.83192126434835 2
    endloop
  endfacet
  facet normal 0 0 1
    outer loop
      vertex 4.9428932188134524 4.9428932188134524 2
      vertex 5.454909677983872 33.93078528040323 2
      vertex 5.359715322745538 33.90694033573221 2
    endloop
  endfacet
  facet normal 0 0 1
    outer loop
      vertex 4.9428932188134524 4.9428932188134524 2
      vertex 5.65 33.949999999999996 2
      vertex 5.551982859670439 33.945184726672196 2
    endloop
  endfacet
  facet normal 0 0 1
    outer loop
      vertex 4.9428932188134524 4.9428932188134524 2
      vertex 5.551982859670439 33.945184726672196 2
      vertex 5.454909677983872 33.93078528040323 2
    endloop
  endfacet
  facet normal 0 0 -1
    outer loop
      vertex -4.6 35.599999999999994 0
      vertex -4.563403922708696 36.344930266504655 0
      vertex -4.453968131064551 37.082686447322565 0
    endloop
  endfacet
  facet normal -0.9987954562051724 0.049067674327417724 0
    outer loop
      vertex -4.6 35.599999999999994 0
      vertex -4.6 35.599999999999994 2
      vertex -4.563403922708696 36.344930266504655 0
    endloop
  endfacet
  facet normal -0.9891765099647808 0.14673047445536289 1.4657666995665542e-18
    outer loop
      vertex -4.563403922708696 36.344930266504655 0
      vertex -4.453968131064551 37.082686447322565 2
      vertex -4.453968131064551 37.082686447322565 0
    endloop
  endfacet
  facet normal -0.9987954562051724 0.049067674327417724 0
    outer loop
      vertex -4.563403922708696 36.344930266504655 0
      vertex -4.6 35.599999999999994 2
      vertex -4.563403922708696 36.344930266504655 2
    endloop
  endfacet
  facet normal -0.9891765099647808 0.14673047445536289 0
    outer loop
      vertex -4.563403922708696 36.344930266504655 0
      vertex -4.563403922708696 36.344930266504655 2
      vertex -4.453968131064551 37.082686447322565 2
    endloop
  endfacet
  facet normal 0 0 -1
    outer loop
      vertex -4.453968131064551 37.082686447322565 0
      vertex -4.272746551564786 37.806163547133906 0
      vertex -3.7026016090474982 39.182615199877574 0
    endloop
  endfacet
  facet normal 0 0 -1
    outer loop
      vertex -4.272746551564786 37.806163547133906 0
      vertex -4.021484447085779 38.50839408597468 0
      vertex -3.7026016090474982 39.182615199877574 0
    endloop
  endfacet
  facet normal 0 0 -1
    outer loop
      vertex -4.453968131064551 37.082686447322565 0
      vertex -3.7026016090474982 39.182615199877574 0
      vertex -1.8213889596437056 41.474879445556795 0
    endloop
  endfacet
  facet normal 0 0 -1
    outer loop
      vertex -3.7026016090474982 39.182615199877574 0
      vertex -3.319169053499343 39.82233377094897 0
      vertex -2.874879445556801 40.4213889596437 0
    endloop
  endfacet
  facet normal -0.9700312531945439 0.242980179903264 0
    outer loop
      vertex -4.453968131064551 37.082686447322565 0
      vertex -4.453968131064551 37.082686447322565 2
      vertex -4.272746551564786 37.806163547133906 0
    endloop
  endfacet
  facet normal -0.9415440651830219 0.3368898533922172 0
    outer loop
      vertex -4.272746551564786 37.806163547133906 0
      vertex -4.272746551564786 37.806163547133906 2
      vertex -4.021484447085779 38.50839408597468 0
    endloop
  endfacet
  facet normal -0.9039892931234423 0.4275550934302842 -7.631623114657336e-18
    outer loop
      vertex -4.021484447085779 38.50839408597468 0
      vertex -3.7026016090474982 39.182615199877574 2
      vertex -3.7026016090474982 39.182615199877574 0
    endloop
  endfacet
  facet normal -0.857728610000273 0.5141027441932202 0
    outer loop
      vertex -3.7026016090474982 39.182615199877574 0
      vertex -3.7026016090474982 39.182615199877574 2
      vertex -3.319169053499343 39.82233377094897 0
    endloop
  endfacet
  facet normal 0 0 -1
    outer loop
      vertex -3.7026016090474982 39.182615199877574 0
      vertex -2.874879445556801 40.4213889596437 0
      vertex -1.8213889596437056 41.474879445556795 0
    endloop
  endfacet
  facet normal 0 0 -1
    outer loop
      vertex -2.874879445556801 40.4213889596437 0
      vertex -2.3740115370177612 40.97401153701775 0
      vertex -1.8213889596437056 41.474879445556795 0
    endloop
  endfacet
  facet normal 0 0 -1
    outer loop
      vertex -4.453968131064551 37.082686447322565 0
      vertex -1.8213889596437056 41.474879445556795 0
      vertex 3 43.199999999999996 0
    endloop
  endfacet
  facet normal 0 0 -1
    outer loop
      vertex -1.8213889596437056 41.474879445556795 0
      vertex -1.2223337709489766 41.91916905349934 0
      vertex -0.5826151998775817 42.30260160904749 0
    endloop
  endfacet
  facet normal 0 0 -1
    outer loop
      vertex -1.8213889596437056 41.474879445556795 0
      vertex -0.5826151998775817 42.30260160904749 0
      vertex 0.7938364528660866 42.87274655156478 0
    endloop
  endfacet
  facet normal 0 0 -1
    outer loop
      vertex -0.5826151998775817 42.30260160904749 0
      vertex 0.09160591402531715 42.62148444708577 0
      vertex 0.7938364528660866 42.87274655156478 0
    endloop
  endfacet
  facet normal 0 0 -1
    outer loop
      vertex -1.8213889596437056 41.474879445556795 0
      vertex 0.7938364528660866 42.87274655156478 0
      vertex 3 43.199999999999996 0
    endloop
  endfacet
  facet normal 0 0 -1
    outer loop
      vertex 0.7938364528660866 42.87274655156478 0
      vertex 1.5173135526774253 43.05396813106454 0
      vertex 3 43.199999999999996 0
    endloop
  endfacet
  facet normal 0 0 -1
    outer loop
      vertex 1.5173135526774253 43.05396813106454 0
      vertex 2.25506973349534 43.16340392270869 0
      vertex 3 43.199999999999996 0
    endloop
  endfacet
  facet normal -0.8032075314806447 0.5956993044924336 1.0959886100256715e-17
    outer loop
      vertex -3.319169053499343 39.82233377094897 0
      vertex -2.874879445556801 40.4213889596437 2
      vertex -2.874879445556801 40.4213889596437 0
    endloop
  endfacet
  facet normal -0.7409511253549569 0.6715589548470208 6.138972452038574e-19
    outer loop
      vertex -2.874879445556801 40.4213889596437 0
      vertex -2.3740115370177612 40.97401153701775 2
      vertex -2.3740115370177612 40.97401153701775 0
    endloop
  endfacet
  facet normal -0.6715589548470204 0.7409511253549573 -1.496294491835777e-17
    outer loop
      vertex -2.3740115370177612 40.97401153701775 0
      vertex -1.8213889596437056 41.474879445556795 2
      vertex -1.8213889596437056 41.474879445556795 0
    endloop
  endfacet
  facet normal -0.5956993044924339 0.8032075314806444 0
    outer loop
      vertex -1.8213889596437056 41.474879445556795 0
      vertex -1.8213889596437056 41.474879445556795 2
      vertex -1.2223337709489766 41.91916905349934 0
    endloop
  endfacet
  facet normal -0.5141027441932214 0.8577286100002723 0
    outer loop
      vertex -1.2223337709489766 41.91916905349934 0
      vertex -1.2223337709489766 41.91916905349934 2
      vertex -0.5826151998775817 42.30260160904749 0
    endloop
  endfacet
  facet normal -0.4275550934302785 0.9039892931234451 0
    outer loop
      vertex -0.5826151998775817 42.30260160904749 0
      vertex -0.5826151998775817 42.30260160904749 2
      vertex 0.09160591402531715 42.62148444708577 0
    endloop
  endfacet
  facet normal -0.33688985339222294 0.9415440651830198 3.4108476212639702e-18
    outer loop
      vertex 0.09160591402531715 42.62148444708577 0
      vertex 0.7938364528660866 42.87274655156478 2
      vertex 0.7938364528660866 42.87274655156478 0
    endloop
  endfacet
  facet normal -0.24298017990326234 0.9700312531945444 0
    outer loop
      vertex 0.7938364528660866 42.87274655156478 0
      vertex 0.7938364528660866 42.87274655156478 2
      vertex 1.5173135526774253 43.05396813106454 0
    endloop
  endfacet
  facet normal -0.1467304744553622 0.9891765099647809 1.610555523230278e-18
    outer loop
      vertex 1.5173135526774253 43.05396813106454 0
      vertex 2.25506973349534 43.16340392270869 2
      vertex 2.25506973349534 43.16340392270869 0
    endloop
  endfacet
  facet normal -0.04906767432742248 0.9987954562051721 0
    outer loop
      vertex 2.25506973349534 43.16340392270869 0
      vertex 2.25506973349534 43.16340392270869 2
      vertex 3 43.199999999999996 0
    endloop
  endfacet
  facet normal -0.9700312531945439 0.242980179903264 0
    outer loop
      vertex -4.272746551564786 37.806163547133906 0
      vertex -4.453968131064551 37.082686447322565 2
      vertex -4.272746551564786 37.806163547133906 2
    endloop
  endfacet
  facet normal -0.9415440651830219 0.3368898533922172 0
    outer loop
      vertex -4.021484447085779 38.50839408597468 0
      vertex -4.272746551564786 37.806163547133906 2
      vertex -4.021484447085779 38.50839408597468 2
    endloop
  endfacet
  facet normal -0.9039892931234423 0.4275550934302842 0
    outer loop
      vertex -4.021484447085779 38.50839408597468 0
      vertex -4.021484447085779 38.50839408597468 2
      vertex -3.7026016090474982 39.182615199877574 2
    endloop
  endfacet
  facet normal -0.857728610000273 0.5141027441932202 0
    outer loop
      vertex -3.319169053499343 39.82233377094897 0
      vertex -3.7026016090474982 39.182615199877574 2
      vertex -3.319169053499343 39.82233377094897 2
    endloop
  endfacet
  facet normal -0.8032075314806447 0.5956993044924336 0
    outer loop
      vertex -3.319169053499343 39.82233377094897 0
      vertex -3.319169053499343 39.82233377094897 2
      vertex -2.874879445556801 40.4213889596437 2
    endloop
  endfacet
  facet normal -0.7409511253549569 0.6715589548470208 0
    outer loop
      vertex -2.874879445556801 40.4213889596437 0
      vertex -2.874879445556801 40.4213889596437 2
      vertex -2.3740115370177612 40.97401153701775 2
    endloop
  endfacet
  facet normal -0.6715589548470204 0.7409511253549573 0
    outer loop
      vertex -2.3740115370177612 40.97401153701775 0
      vertex -2.3740115370177612 40.97401153701775 2
      vertex -1.8213889596437056 41.474879445556795 2
    endloop
  endfacet
  facet normal -0.5956993044924339 0.8032075314806444 0
    outer loop
      vertex -1.2223337709489766 41.91916905349934 0
      vertex -1.8213889596437056 41.474879445556795 2
      vertex -1.2223337709489766 41.91916905349934 2
    endloop
  endfacet
  facet normal -0.5141027441932214 0.8577286100002723 0
    outer loop
      vertex -0.5826151998775817 42.30260160904749 0
      vertex -1.2223337709489766 41.91916905349934 2
      vertex -0.5826151998775817 42.30260160904749 2
    endloop
  endfacet
  facet normal -0.4275550934302785 0.9039892931234451 0
    outer loop
      vertex 0.09160591402531715 42.62148444708577 0
      vertex -0.5826151998775817 42.30260160904749 2
      vertex 0.09160591402531715 42.62148444708577 2
    endloop
  endfacet
  facet normal -0.33688985339222294 0.9415440651830198 0
    outer loop
      vertex 0.09160591402531715 42.62148444708577 0
      vertex 0.09160591402531715 42.62148444708577 2
      vertex 0.7938364528660866 42.87274655156478 2
    endloop
  endfacet
  facet normal -0.24298017990326234 0.9700312531945444 0
    outer loop
      vertex 1.5173135526774253 43.05396813106454 0
      vertex 0.7938364528660866 42.87274655156478 2
      vertex 1.5173135526774253 43.05396813106454 2
    endloop
  endfacet
  facet normal -0.1467304744553622 0.9891765099647809 0
    outer loop
      vertex 1.5173135526774253 43.05396813106454 0
      vertex 1.5173135526774253 43.05396813106454 2
      vertex 2.25506973349534 43.16340392270869 2
    endloop
  endfacet
  facet normal -0.04906767432742248 0.9987954562051721 0
    outer loop
      vertex 3 43.199999999999996 0
      vertex 2.25506973349534 43.16340392270869 2
      vertex 3 43.199999999999996 2
    endloop
  endfacet
  facet normal 0 0 1
    outer loop
      vertex -4.6 35.599999999999994 2
      vertex -4.453968131064551 37.082686447322565 2
      vertex -4.563403922708696 36.344930266504655 2
    endloop
  endfacet
  facet normal 0 0 1
    outer loop
      vertex -4.453968131064551 37.082686447322565 2
      vertex 2.65 35.349999999999994 2
      vertex 2.6528891639966816 35.40881028419773 2
    endloop
  endfacet
  facet normal 0 0 1
    outer loop
      vertex -4.453968131064551 37.082686447322565 2
      vertex 2.6528891639966816 35.40881028419773 2
      vertex 2.6615288317580617 35.46705419320967 2
    endloop
  endfacet
  facet normal 0 0 1
    outer loop
      vertex -4.453968131064551 37.082686447322565 2
      vertex 2.6615288317580617 35.46705419320967 2
      vertex 2.6758357985606747 35.52417080635267 2
    endloop
  endfacet
  facet normal 0 0 1
    outer loop
      vertex -4.453968131064551 37.082686447322565 2
      vertex 2.695672280493228 35.579610059419046 2
      vertex 2.7208472413909868 35.63283804209559 2
    endloop
  endfacet
  facet normal 0 0 1
    outer loop
      vertex -4.453968131064551 37.082686447322565 2
      vertex 2.6758357985606747 35.52417080635267 2
      vertex 2.695672280493228 35.579610059419046 2
    endloop
  endfacet
  facet normal 0 0 1
    outer loop
      vertex -4.453968131064551 37.082686447322565 2
      vertex 2.7208472413909868 35.63283804209559 2
      vertex 2.751118232618473 35.68334213981176 2
    endloop
  endfacet
  facet normal 0 0 1
    outer loop
      vertex -4.453968131064551 37.082686447322565 2
      vertex 2.786193727982358 35.730635970498184 2
      vertex 2.8257359312880714 35.77426406871192 2
    endloop
  endfacet
  facet normal 0 0 1
    outer loop
      vertex -4.453968131064551 37.082686447322565 2
      vertex 2.751118232618473 35.68334213981176 2
      vertex 2.786193727982358 35.730635970498184 2
    endloop
  endfacet
  facet normal 0 0 1
    outer loop
      vertex -4.453968131064551 37.082686447322565 2
      vertex 2.8257359312880714 35.77426406871192 2
      vertex 2.8693640295018126 35.813806272017636 2
    endloop
  endfacet
  facet normal 0 0 1
    outer loop
      vertex -4.453968131064551 37.082686447322565 2
      vertex 2.9166578601882387 35.84888176738152 2
      vertex 2.9671619579044015 35.87915275860901 2
    endloop
  endfacet
  facet normal 0 0 1
    outer loop
      vertex -4.453968131064551 37.082686447322565 2
      vertex 2.8693640295018126 35.813806272017636 2
      vertex 2.9166578601882387 35.84888176738152 2
    endloop
  endfacet
  facet normal 0 0 1
    outer loop
      vertex -4.453968131064551 37.082686447322565 2
      vertex 2.9671619579044015 35.87915275860901 2
      vertex 3.0203899405809462 35.90432771950677 2
    endloop
  endfacet
  facet normal 0 0 1
    outer loop
      vertex -4.453968131064551 37.082686447322565 2
      vertex 3.132945806790323 35.93847116824193 2
      vertex 3.1911897158022637 35.94711083600331 2
    endloop
  endfacet
  facet normal 0 0 1
    outer loop
      vertex -4.453968131064551 37.082686447322565 2
      vertex 3.0758291936473228 35.92416420143932 2
      vertex 3.132945806790323 35.93847116824193 2
    endloop
  endfacet
  facet normal 0 0 1
    outer loop
      vertex -4.453968131064551 37.082686447322565 2
      vertex 3.0203899405809462 35.90432771950677 2
      vertex 3.0758291936473228 35.92416420143932 2
    endloop
  endfacet
  facet normal 0 0 1
    outer loop
      vertex -4.453968131064551 37.082686447322565 2
      vertex 3.1911897158022637 35.94711083600331 2
      vertex 3.25 35.949999999999996 2
    endloop
  endfacet
  facet normal 0 0 1
    outer loop
      vertex -4.453968131064551 37.082686447322565 2
      vertex -3.7026016090474982 39.182615199877574 2
      vertex -4.272746551564786 37.806163547133906 2
    endloop
  endfacet
  facet normal 0 0 1
    outer loop
      vertex -4.272746551564786 37.806163547133906 2
      vertex -3.7026016090474982 39.182615199877574 2
      vertex -4.021484447085779 38.50839408597468 2
    endloop
  endfacet
  facet normal 0 0 1
    outer loop
      vertex -4.453968131064551 37.082686447322565 2
      vertex -1.8213889596437056 41.474879445556795 2
      vertex -3.7026016090474982 39.182615199877574 2
    endloop
  endfacet
  facet normal 0 0 1
    outer loop
      vertex -3.7026016090474982 39.182615199877574 2
      vertex -2.874879445556801 40.4213889596437 2
      vertex -3.319169053499343 39.82233377094897 2
    endloop
  endfacet
  facet normal 0 0 1
    outer loop
      vertex -3.7026016090474982 39.182615199877574 2
      vertex -1.8213889596437056 41.474879445556795 2
      vertex -2.874879445556801 40.4213889596437 2
    endloop
  endfacet
  facet normal 0 0 1
    outer loop
      vertex -2.874879445556801 40.4213889596437 2
      vertex -1.8213889596437056 41.474879445556795 2
      vertex -2.3740115370177612 40.97401153701775 2
    endloop
  endfacet
  facet normal 0 0 1
    outer loop
      vertex -4.453968131064551 37.082686447322565 2
      vertex 3 43.199999999999996 2
      vertex -1.8213889596437056 41.474879445556795 2
    endloop
  endfacet
  facet normal 0 0 1
    outer loop
      vertex -1.8213889596437056 41.474879445556795 2
      vertex -0.5826151998775817 42.30260160904749 2
      vertex -1.2223337709489766 41.91916905349934 2
    endloop
  endfacet
  facet normal 0 0 1
    outer loop
      vertex -1.8213889596437056 41.474879445556795 2
      vertex 0.7938364528660866 42.87274655156478 2
      vertex -0.5826151998775817 42.30260160904749 2
    endloop
  endfacet
  facet normal 0 0 1
    outer loop
      vertex -0.5826151998775817 42.30260160904749 2
      vertex 0.7938364528660866 42.87274655156478 2
      vertex 0.09160591402531715 42.62148444708577 2
    endloop
  endfacet
  facet normal 0 0 1
    outer loop
      vertex -1.8213889596437056 41.474879445556795 2
      vertex 3 43.199999999999996 2
      vertex 0.7938364528660866 42.87274655156478 2
    endloop
  endfacet
  facet normal 0 0 1
    outer loop
      vertex 0.7938364528660866 42.87274655156478 2
      vertex 2.25506973349534 43.16340392270869 2
      vertex 1.5173135526774253 43.05396813106454 2
    endloop
  endfacet
  facet normal 0 0 1
    outer loop
      vertex 0.7938364528660866 42.87274655156478 2
      vertex 3 43.199999999999996 2
      vertex 2.25506973349534 43.16340392270869 2
    endloop
  endfacet
  facet normal 0 1 0
    outer loop
      vertex 3 43.199999999999996 0
      vertex 3 43.199999999999996 2
      vertex 156 43.199999999999996 2
    endloop
  endfacet
  facet normal 0 0 1
    outer loop
      vertex -4.453968131064551 37.082686447322565 2
      vertex 3.25 35.949999999999996 2
      vertex 155.75 35.949999999999996 2
    endloop
  endfacet
  facet normal 0 0 1
    outer loop
      vertex -4.453968131064551 37.082686447322565 2
      vertex 156 43.199999999999996 2
      vertex 3 43.199999999999996 2
    endloop
  endfacet
  facet normal 0 0 -1
    outer loop
      vertex 3 -4.6 0
      vertex 163.6 3 0
      vertex 156 -4.6 0
    endloop
  endfacet
  facet normal 0 -1 0
    outer loop
      vertex 3 -4.6 2
      vertex 156 -4.6 0
      vertex 156 -4.6 2
    endloop
  endfacet
  facet normal 0 0 1
    outer loop
      vertex 3 -4.6 2
      vertex 156 -4.6 2
      vertex 158.2061635471339 -4.272746551564786 2
    endloop
  endfacet
  facet normal 0 0 1
    outer loop
      vertex 158.2061635471339 -4.272746551564786 2
      vertex 155.75 2.65 2
      vertex 3.25 2.65 2
    endloop
  endfacet
  facet normal 0 0 -1
    outer loop
      vertex 156 -4.6 0
      vertex 157.48268644732258 -4.453968131064551 0
      vertex 156.74493026650467 -4.563403922708696 0
    endloop
  endfacet
  facet normal 0 0 -1
    outer loop
      vertex 156 -4.6 0
      vertex 158.9083940859747 -4.021484447085779 0
      vertex 157.48268644732258 -4.453968131064551 0
    endloop
  endfacet
  facet normal 0 0 -1
    outer loop
      vertex 157.48268644732258 -4.453968131064551 0
      vertex 158.9083940859747 -4.021484447085779 0
      vertex 158.2061635471339 -4.272746551564786 0
    endloop
  endfacet
  facet normal 0 0 -1
    outer loop
      vertex 156 -4.6 0
      vertex 161.37401153701776 -2.3740115370177612 0
      vertex 158.9083940859747 -4.021484447085779 0
    endloop
  endfacet
  facet normal 0 0 -1
    outer loop
      vertex 158.9083940859747 -4.021484447085779 0
      vertex 160.22233377094898 -3.319169053499343 0
      vertex 159.58261519987758 -3.7026016090474982 0
    endloop
  endfacet
  facet normal 0 0 -1
    outer loop
      vertex 158.9083940859747 -4.021484447085779 0
      vertex 161.37401153701776 -2.3740115370177612 0
      vertex 160.22233377094898 -3.319169053499343 0
    endloop
  endfacet
  facet normal 0 0 -1
    outer loop
      vertex 160.22233377094898 -3.319169053499343 0
      vertex 161.37401153701776 -2.3740115370177612 0
      vertex 160.8213889596437 -2.874879445556801 0
    endloop
  endfacet
  facet normal 0 0 -1
    outer loop
      vertex 161.37401153701776 -2.3740115370177612 0
      vertex 162.31916905349934 -1.2223337709489766 0
      vertex 161.87487944555681 -1.8213889596437056 0
    endloop
  endfacet
  facet normal 0.04906767432741726 -0.9987954562051724 -6.895124113214035e-19
    outer loop
      vertex 156 -4.6 0
      vertex 156.74493026650467 -4.563403922708696 0
      vertex 156.74493026650467 -4.563403922708696 2
    endloop
  endfacet
  facet normal 0.14673047445536289 -0.9891765099647808 1.4657666995665542e-18
    outer loop
      vertex 156.74493026650467 -4.563403922708696 0
      vertex 157.48268644732258 -4.453968131064551 0
      vertex 157.48268644732258 -4.453968131064551 2
    endloop
  endfacet
  facet normal 0.24298017990326626 -0.9700312531945433 9.968127274452926e-19
    outer loop
      vertex 157.48268644732258 -4.453968131064551 0
      vertex 158.2061635471339 -4.272746551564786 0
      vertex 158.2061635471339 -4.272746551564786 2
    endloop
  endfacet
  facet normal 0.33688985339221417 -0.9415440651830228 0
    outer loop
      vertex 158.2061635471339 -4.272746551564786 0
      vertex 158.9083940859747 -4.021484447085779 0
      vertex 158.2061635471339 -4.272746551564786 2
    endloop
  endfacet
  facet normal 0.4275550934302879 -0.9039892931234407 -8.215071329494326e-19
    outer loop
      vertex 158.9083940859747 -4.021484447085779 0
      vertex 159.58261519987758 -3.7026016090474982 0
      vertex 159.58261519987758 -3.7026016090474982 2
    endloop
  endfacet
  facet normal 0.5141027441932202 -0.857728610000273 0
    outer loop
      vertex 159.58261519987758 -3.7026016090474982 0
      vertex 160.22233377094898 -3.319169053499343 0
      vertex 159.58261519987758 -3.7026016090474982 2
    endloop
  endfacet
  facet normal 0.595699304492429 -0.803207531480648 6.087396144882698e-18
    outer loop
      vertex 160.22233377094898 -3.319169053499343 0
      vertex 160.8213889596437 -2.874879445556801 0
      vertex 160.8213889596437 -2.874879445556801 2
    endloop
  endfacet
  facet normal 0.6715589548470208 -0.7409511253549569 0
    outer loop
      vertex 160.8213889596437 -2.874879445556801 0
      vertex 161.37401153701776 -2.3740115370177612 0
      vertex 160.8213889596437 -2.874879445556801 2
    endloop
  endfacet
  facet normal 0.7409511253549526 -0.6715589548470257 1.2415323217203466e-17
    outer loop
      vertex 161.37401153701776 -2.3740115370177612 0
      vertex 161.87487944555681 -1.8213889596437056 0
      vertex 161.87487944555681 -1.8213889596437056 2
    endloop
  endfacet
  facet normal 0.8032075314806582 -0.5956993044924156 0
    outer loop
      vertex 161.87487944555681 -1.8213889596437056 0
      vertex 162.31916905349934 -1.2223337709489766 0
      vertex 161.87487944555681 -1.8213889596437056 2
    endloop
  endfacet
  facet normal 0 0 -1
    outer loop
      vertex 156 -4.6 0
      vertex 163.6 3 0
      vertex 161.37401153701776 -2.3740115370177612 0
    endloop
  endfacet
  facet normal 0 0 -1
    outer loop
      vertex 161.37401153701776 -2.3740115370177612 0
      vertex 163.02148444708578 0.09160591402531715 0
      vertex 162.31916905349934 -1.2223337709489766 0
    endloop
  endfacet
  facet normal 0 0 -1
    outer loop
      vertex 162.31916905349934 -1.2223337709489766 0
      vertex 163.02148444708578 0.09160591402531715 0
      vertex 162.7026016090475 -0.5826151998775817 0
    endloop
  endfacet
  facet normal 0 0 -1
    outer loop
      vertex 161.37401153701776 -2.3740115370177612 0
      vertex 163.6 3 0
      vertex 163.02148444708578 0.09160591402531715 0
    endloop
  endfacet
  facet normal 0 0 -1
    outer loop
      vertex 163.02148444708578 0.09160591402531715 0
      vertex 163.45396813106456 1.5173135526774253 0
      vertex 163.27274655156478 0.7938364528660866 0
    endloop
  endfacet
  facet normal 0.8577286100002723 -0.5141027441932214 -7.391026105764797e-18
    outer loop
      vertex 162.31916905349934 -1.2223337709489766 0
      vertex 162.7026016090475 -0.5826151998775817 0
      vertex 162.7026016090475 -0.5826151998775817 2
    endloop
  endfacet
  facet normal 0.9039892931234377 -0.427555093430294 5.726695356389906e-18
    outer loop
      vertex 162.7026016090475 -0.5826151998775817 0
      vertex 163.02148444708578 0.09160591402531715 0
      vertex 163.02148444708578 0.09160591402531715 2
    endloop
  endfacet
  facet normal 0.9415440651830258 -0.336889853392206 -6.674926127113702e-18
    outer loop
      vertex 163.02148444708578 0.09160591402531715 0
      vertex 163.27274655156478 0.7938364528660866 0
      vertex 163.27274655156478 0.7938364528660866 2
    endloop
  endfacet
  facet normal 0.97003125319454 -0.24298017990328027 0
    outer loop
      vertex 163.27274655156478 0.7938364528660866 0
      vertex 163.45396813106456 1.5173135526774253 0
      vertex 163.27274655156478 0.7938364528660866 2
    endloop
  endfacet
  facet normal 0.04906767432741726 -0.9987954562051724 0
    outer loop
      vertex 156 -4.6 0
      vertex 156.74493026650467 -4.563403922708696 2
      vertex 156 -4.6 2
    endloop
  endfacet
  facet normal 0.14673047445536289 -0.9891765099647808 0
    outer loop
      vertex 156.74493026650467 -4.563403922708696 0
      vertex 157.48268644732258 -4.453968131064551 2
      vertex 156.74493026650467 -4.563403922708696 2
    endloop
  endfacet
  facet normal 0.24298017990326626 -0.9700312531945433 0
    outer loop
      vertex 157.48268644732258 -4.453968131064551 0
      vertex 158.2061635471339 -4.272746551564786 2
      vertex 157.48268644732258 -4.453968131064551 2
    endloop
  endfacet
  facet normal 0.33688985339221417 -0.9415440651830228 0
    outer loop
      vertex 158.9083940859747 -4.021484447085779 0
      vertex 158.9083940859747 -4.021484447085779 2
      vertex 158.2061635471339 -4.272746551564786 2
    endloop
  endfacet
  facet normal 0.4275550934302879 -0.9039892931234407 0
    outer loop
      vertex 158.9083940859747 -4.021484447085779 0
      vertex 159.58261519987758 -3.7026016090474982 2
      vertex 158.9083940859747 -4.021484447085779 2
    endloop
  endfacet
  facet normal 0.5141027441932202 -0.857728610000273 0
    outer loop
      vertex 160.22233377094898 -3.319169053499343 0
      vertex 160.22233377094898 -3.319169053499343 2
      vertex 159.58261519987758 -3.7026016090474982 2
    endloop
  endfacet
  facet normal 0.595699304492429 -0.803207531480648 0
    outer loop
      vertex 160.22233377094898 -3.319169053499343 0
      vertex 160.8213889596437 -2.874879445556801 2
      vertex 160.22233377094898 -3.319169053499343 2
    endloop
  endfacet
  facet normal 0.6715589548470208 -0.7409511253549569 0
    outer loop
      vertex 161.37401153701776 -2.3740115370177612 0
      vertex 161.37401153701776 -2.3740115370177612 2
      vertex 160.8213889596437 -2.874879445556801 2
    endloop
  endfacet
  facet normal 0.7409511253549526 -0.6715589548470257 0
    outer loop
      vertex 161.37401153701776 -2.3740115370177612 0
      vertex 161.87487944555681 -1.8213889596437056 2
      vertex 161.37401153701776 -2.3740115370177612 2
    endloop
  endfacet
  facet normal 0.8032075314806582 -0.5956993044924156 0
    outer loop
      vertex 162.31916905349934 -1.2223337709489766 0
      vertex 162.31916905349934 -1.2223337709489766 2
      vertex 161.87487944555681 -1.8213889596437056 2
    endloop
  endfacet
  facet normal 0.8577286100002723 -0.5141027441932214 0
    outer loop
      vertex 162.31916905349934 -1.2223337709489766 0
      vertex 162.7026016090475 -0.5826151998775817 2
      vertex 162.31916905349934 -1.2223337709489766 2
    endloop
  endfacet
  facet normal 0.9039892931234377 -0.427555093430294 0
    outer loop
      vertex 162.7026016090475 -0.5826151998775817 0
      vertex 163.02148444708578 0.09160591402531715 2
      vertex 162.7026016090475 -0.5826151998775817 2
    endloop
  endfacet
  facet normal 0.9415440651830258 -0.336889853392206 0
    outer loop
      vertex 163.02148444708578 0.09160591402531715 0
      vertex 163.27274655156478 0.7938364528660866 2
      vertex 163.02148444708578 0.09160591402531715 2
    endloop
  endfacet
  facet normal 0.97003125319454 -0.24298017990328027 0
    outer loop
      vertex 163.45396813106456 1.5173135526774253 0
      vertex 163.45396813106456 1.5173135526774253 2
      vertex 163.27274655156478 0.7938364528660866 2
    endloop
  endfacet
  facet normal 0 0 -1
    outer loop
      vertex 163.02148444708578 0.09160591402531715 0
      vertex 163.6 3 0
      vertex 163.45396813106456 1.5173135526774253 0
    endloop
  endfacet
  facet normal 0 0 -1
    outer loop
      vertex 163.45396813106456 1.5173135526774253 0
      vertex 163.6 3 0
      vertex 163.5634039227087 2.25506973349534 0
    endloop
  endfacet
  facet normal 0.9891765099647836 -0.14673047445534354 -2.690771562882566e-18
    outer loop
      vertex 163.45396813106456 1.5173135526774253 0
      vertex 163.5634039227087 2.25506973349534 0
      vertex 163.5634039227087 2.25506973349534 2
    endloop
  endfacet
  facet normal 0.9987954562051721 -0.04906767432742248 0
    outer loop
      vertex 163.5634039227087 2.25506973349534 0
      vertex 163.6 3 0
      vertex 163.5634039227087 2.25506973349534 2
    endloop
  endfacet
  facet normal 0.9891765099647836 -0.14673047445534354 0
    outer loop
      vertex 163.45396813106456 1.5173135526774253 0
      vertex 163.5634039227087 2.25506973349534 2
      vertex 163.45396813106456 1.5173135526774253 2
    endloop
  endfacet
  facet normal 0.9987954562051721 -0.04906767432742248 0
    outer loop
      vertex 163.6 3 0
      vertex 163.6 3 2
      vertex 163.5634039227087 2.25506973349534 2
    endloop
  endfacet
  facet normal 0 0 1
    outer loop
      vertex 156 -4.6 2
      vertex 156.74493026650467 -4.563403922708696 2
      vertex 158.2061635471339 -4.272746551564786 2
    endloop
  endfacet
  facet normal 0 0 1
    outer loop
      vertex 156.74493026650467 -4.563403922708696 2
      vertex 157.48268644732258 -4.453968131064551 2
      vertex 158.2061635471339 -4.272746551564786 2
    endloop
  endfacet
  facet normal 0 0 1
    outer loop
      vertex 158.2061635471339 -4.272746551564786 2
      vertex 158.9083940859747 -4.021484447085779 2
      vertex 160.22233377094898 -3.319169053499343 2
    endloop
  endfacet
  facet normal 0 0 1
    outer loop
      vertex 158.9083940859747 -4.021484447085779 2
      vertex 159.58261519987758 -3.7026016090474982 2
      vertex 160.22233377094898 -3.319169053499343 2
    endloop
  endfacet
  facet normal 0 0 1
    outer loop
      vertex 158.2061635471339 -4.272746551564786 2
      vertex 160.22233377094898 -3.319169053499343 2
      vertex 161.87487944555681 -1.8213889596437056 2
    endloop
  endfacet
  facet normal 0 0 1
    outer loop
      vertex 160.22233377094898 -3.319169053499343 2
      vertex 160.8213889596437 -2.874879445556801 2
      vertex 161.87487944555681 -1.8213889596437056 2
    endloop
  endfacet
  facet normal 0 0 1
    outer loop
      vertex 160.8213889596437 -2.874879445556801 2
      vertex 161.37401153701776 -2.3740115370177612 2
      vertex 161.87487944555681 -1.8213889596437056 2
    endloop
  endfacet
  facet normal 0 0 1
    outer loop
      vertex 158.2061635471339 -4.272746551564786 2
      vertex 155.80881028419773 2.6528891639966816 2
      vertex 155.75 2.65 2
    endloop
  endfacet
  facet normal 0 0 1
    outer loop
      vertex 158.2061635471339 -4.272746551564786 2
      vertex 155.86705419320967 2.6615288317580617 2
      vertex 155.80881028419773 2.6528891639966816 2
    endloop
  endfacet
  facet normal 0 0 1
    outer loop
      vertex 158.2061635471339 -4.272746551564786 2
      vertex 155.9241708063527 2.6758357985606747 2
      vertex 155.86705419320967 2.6615288317580617 2
    endloop
  endfacet
  facet normal 0 0 1
    outer loop
      vertex 158.2061635471339 -4.272746551564786 2
      vertex 155.97961005941906 2.695672280493228 2
      vertex 155.9241708063527 2.6758357985606747 2
    endloop
  endfacet
  facet normal 0 0 1
    outer loop
      vertex 158.2061635471339 -4.272746551564786 2
      vertex 156.0328380420956 2.7208472413909868 2
      vertex 155.97961005941906 2.695672280493228 2
    endloop
  endfacet
  facet normal 0 0 1
    outer loop
      vertex 158.2061635471339 -4.272746551564786 2
      vertex 156.08334213981175 2.751118232618473 2
      vertex 156.0328380420956 2.7208472413909868 2
    endloop
  endfacet
  facet normal 0 0 1
    outer loop
      vertex 158.2061635471339 -4.272746551564786 2
      vertex 156.1306359704982 2.786193727982358 2
      vertex 156.08334213981175 2.751118232618473 2
    endloop
  endfacet
  facet normal 0 0 1
    outer loop
      vertex 158.2061635471339 -4.272746551564786 2
      vertex 156.17426406871192 2.8257359312880714 2
      vertex 156.1306359704982 2.786193727982358 2
    endloop
  endfacet
  facet normal 0 0 1
    outer loop
      vertex 158.2061635471339 -4.272746551564786 2
      vertex 156.21380627201765 2.8693640295018126 2
      vertex 156.17426406871192 2.8257359312880714 2
    endloop
  endfacet
  facet normal 0 0 1
    outer loop
      vertex 158.2061635471339 -4.272746551564786 2
      vertex 156.24888176738153 2.9166578601882387 2
      vertex 156.21380627201765 2.8693640295018126 2
    endloop
  endfacet
  facet normal 0 0 1
    outer loop
      vertex 158.2061635471339 -4.272746551564786 2
      vertex 156.279152758609 2.9671619579044015 2
      vertex 156.24888176738153 2.9166578601882387 2
    endloop
  endfacet
  facet normal 0 0 1
    outer loop
      vertex 158.2061635471339 -4.272746551564786 2
      vertex 156.30432771950677 3.0203899405809462 2
      vertex 156.279152758609 2.9671619579044015 2
    endloop
  endfacet
  facet normal 0 0 1
    outer loop
      vertex 158.2061635471339 -4.272746551564786 2
      vertex 156.32416420143932 3.0758291936473228 2
      vertex 156.30432771950677 3.0203899405809462 2
    endloop
  endfacet
  facet normal 0 0 1
    outer loop
      vertex 158.2061635471339 -4.272746551564786 2
      vertex 156.33847116824194 3.132945806790323 2
      vertex 156.32416420143932 3.0758291936473228 2
    endloop
  endfacet
  facet normal 0 0 1
    outer loop
      vertex 158.2061635471339 -4.272746551564786 2
      vertex 156.3471108360033 3.1911897158022637 2
      vertex 156.33847116824194 3.132945806790323 2
    endloop
  endfacet
  facet normal 0 0 1
    outer loop
      vertex 158.2061635471339 -4.272746551564786 2
      vertex 156.35 3.25 2
      vertex 156.3471108360033 3.1911897158022637 2
    endloop
  endfacet
  facet normal 0 0 1
    outer loop
      vertex 158.2061635471339 -4.272746551564786 2
      vertex 161.87487944555681 -1.8213889596437056 2
      vertex 163.5634039227087 2.25506973349534 2
    endloop
  endfacet
  facet normal 0 0 1
    outer loop
      vertex 161.87487944555681 -1.8213889596437056 2
      vertex 162.31916905349934 -1.2223337709489766 2
      vertex 162.7026016090475 -0.5826151998775817 2
    endloop
  endfacet
  facet normal 0 0 1
    outer loop
      vertex 161.87487944555681 -1.8213889596437056 2
      vertex 162.7026016090475 -0.5826151998775817 2
      vertex 163.02148444708578 0.09160591402531715 2
    endloop
  endfacet
  facet normal 0 0 1
    outer loop
      vertex 161.87487944555681 -1.8213889596437056 2
      vertex 163.02148444708578 0.09160591402531715 2
      vertex 163.5634039227087 2.25506973349534 2
    endloop
  endfacet
  facet normal 0 0 1
    outer loop
      vertex 163.02148444708578 0.09160591402531715 2
      vertex 163.27274655156478 0.7938364528660866 2
      vertex 163.5634039227087 2.25506973349534 2
    endloop
  endfacet
  facet normal 0 0 1
    outer loop
      vertex 163.27274655156478 0.7938364528660866 2
      vertex 163.45396813106456 1.5173135526774253 2
      vertex 163.5634039227087 2.25506973349534 2
    endloop
  endfacet
  facet normal 1 0 0
    outer loop
      vertex 163.6 3 0
      vertex 163.6 35.599999999999994 2
      vertex 163.6 3 2
    endloop
  endfacet
  facet normal 0 0 1
    outer loop
      vertex 158.2061635471339 -4.272746551564786 2
      vertex 156.35 35.349999999999994 2
      vertex 156.35 3.25 2
    endloop
  endfacet
  facet normal 0 0 1
    outer loop
      vertex 158.2061635471339 -4.272746551564786 2
      vertex 163.5634039227087 2.25506973349534 2
      vertex 163.6 35.599999999999994 2
    endloop
  endfacet
  facet normal 0 0 1
    outer loop
      vertex 153.35 4.65 2
      vertex 153.44801714032957 4.654815273327802 2
      vertex 154.05710678118655 33.65710678118654 2
    endloop
  endfacet
  facet normal 0 0 1
    outer loop
      vertex 153.44801714032957 4.654815273327802 2
      vertex 153.54509032201614 4.66921471959677 2
      vertex 154.05710678118655 33.65710678118654 2
    endloop
  endfacet
  facet normal 0 0 1
    outer loop
      vertex 153.54509032201614 4.66921471959677 2
      vertex 153.64028467725447 4.693059664267791 2
      vertex 154.05710678118655 33.65710678118654 2
    endloop
  endfacet
  facet normal 0 0 1
    outer loop
      vertex 153.64028467725447 4.693059664267791 2
      vertex 153.7326834323651 4.7261204674887125 2
      vertex 154.05710678118655 33.65710678118654 2
    endloop
  endfacet
  facet normal 0 0 1
    outer loop
      vertex 153.7326834323651 4.7261204674887125 2
      vertex 153.821396736826 4.768078735651645 2
      vertex 154.05710678118655 33.65710678118654 2
    endloop
  endfacet
  facet normal 0 0 1
    outer loop
      vertex 153.821396736826 4.768078735651645 2
      vertex 153.9055702330196 4.818530387697455 2
      vertex 154.05710678118655 33.65710678118654 2
    endloop
  endfacet
  facet normal 0 0 1
    outer loop
      vertex 153.9055702330196 4.818530387697455 2
      vertex 153.98439328416364 4.8769895466372635 2
      vertex 154.05710678118655 33.65710678118654 2
    endloop
  endfacet
  facet normal 0 0 1
    outer loop
      vertex 153.98439328416364 4.8769895466372635 2
      vertex 154.05710678118655 4.9428932188134524 2
      vertex 154.12301045336272 33.584393284163646 2
    endloop
  endfacet
  facet normal 0 0 1
    outer loop
      vertex 154.05710678118655 4.9428932188134524 2
      vertex 154.12301045336272 5.015606715836354 2
      vertex 154.12301045336272 33.584393284163646 2
    endloop
  endfacet
  facet normal 0 0 1
    outer loop
      vertex 154.12301045336272 5.015606715836354 2
      vertex 154.18146961230255 5.094429766980397 2
      vertex 154.18146961230255 33.5055702330196 2
    endloop
  endfacet
  facet normal 0 0 1
    outer loop
      vertex 154.18146961230255 5.094429766980397 2
      vertex 154.23192126434836 5.178603263174002 2
      vertex 154.23192126434836 33.421396736826 2
    endloop
  endfacet
  facet normal 0 0 1
    outer loop
      vertex 154.23192126434836 5.178603263174002 2
      vertex 154.27387953251127 5.267316567634911 2
      vertex 154.27387953251127 33.33268343236509 2
    endloop
  endfacet
  facet normal 0 0 1
    outer loop
      vertex 154.27387953251127 5.267316567634911 2
      vertex 154.3069403357322 5.359715322745538 2
      vertex 154.3069403357322 33.24028467725446 2
    endloop
  endfacet
  facet normal 0 0 1
    outer loop
      vertex 154.3069403357322 5.359715322745538 2
      vertex 154.33078528040323 5.454909677983872 2
      vertex 154.33078528040323 33.145090322016124 2
    endloop
  endfacet
  facet normal 0 0 1
    outer loop
      vertex 154.33078528040323 5.454909677983872 2
      vertex 154.3451847266722 5.551982859670439 2
      vertex 154.3451847266722 33.048017140329556 2
    endloop
  endfacet
  facet normal 0 0 1
    outer loop
      vertex 154.3451847266722 5.551982859670439 2
      vertex 154.35 5.65 2
      vertex 154.35 32.949999999999996 2
    endloop
  endfacet
  facet normal 0 0 1
    outer loop
      vertex 163.5634039227087 2.25506973349534 2
      vertex 163.6 3 2
      vertex 163.6 35.599999999999994 2
    endloop
  endfacet
  facet normal 0 0 -1
    outer loop
      vertex 3 43.199999999999996 0
      vertex 157.48268644732258 43.05396813106454 0
      vertex 163.6 3 0
    endloop
  endfacet
  facet normal 0 0 1
    outer loop
      vertex 5.65 33.949999999999996 2
      vertex 153.35 4.65 2
      vertex 153.35 33.949999999999996 2
    endloop
  endfacet
  facet normal 0 0 -1
    outer loop
      vertex 3 43.199999999999996 0
      vertex 156 43.199999999999996 0
      vertex 157.48268644732258 43.05396813106454 0
    endloop
  endfacet
  facet normal 0 1 0
    outer loop
      vertex 3 43.199999999999996 0
      vertex 156 43.199999999999996 2
      vertex 156 43.199999999999996 0
    endloop
  endfacet
  facet normal 0 0 1
    outer loop
      vertex -4.453968131064551 37.082686447322565 2
      vertex 155.75 35.949999999999996 2
      vertex 156 43.199999999999996 2
    endloop
  endfacet
  facet normal 0 0 -1
    outer loop
      vertex 163.6 3 0
      vertex 163.45396813106456 37.082686447322565 0
      vertex 163.6 35.599999999999994 0
    endloop
  endfacet
  facet normal 1 0 0
    outer loop
      vertex 163.6 3 0
      vertex 163.6 35.599999999999994 0
      vertex 163.6 35.599999999999994 2
    endloop
  endfacet
  facet normal 0 0 -1
    outer loop
      vertex 163.6 3 0
      vertex 157.48268644732258 43.05396813106454 0
      vertex 163.45396813106456 37.082686447322565 0
    endloop
  endfacet
  facet normal 0 0 1
    outer loop
      vertex 153.35 4.65 2
      vertex 153.7326834323651 33.87387953251128 2
      vertex 153.64028467725447 33.90694033573221 2
    endloop
  endfacet
  facet normal 0 0 1
    outer loop
      vertex 153.35 4.65 2
      vertex 153.9055702330196 33.781469612302544 2
      vertex 153.821396736826 33.83192126434835 2
    endloop
  endfacet
  facet normal 0 0 1
    outer loop
      vertex 153.35 4.65 2
      vertex 153.821396736826 33.83192126434835 2
      vertex 153.7326834323651 33.87387953251128 2
    endloop
  endfacet
  facet normal 0 0 1
    outer loop
      vertex 154.3451847266722 5.551982859670439 2
      vertex 154.35 32.949999999999996 2
      vertex 154.3451847266722 33.048017140329556 2
    endloop
  endfacet
  facet normal 0 0 1
    outer loop
      vertex 154.3069403357322 5.359715322745538 2
      vertex 154.33078528040323 33.145090322016124 2
      vertex 154.3069403357322 33.24028467725446 2
    endloop
  endfacet
  facet normal 0 0 1
    outer loop
      vertex 154.33078528040323 5.454909677983872 2
      vertex 154.3451847266722 33.048017140329556 2
      vertex 154.33078528040323 33.145090322016124 2
    endloop
  endfacet
  facet normal 0 0 1
    outer loop
      vertex 154.27387953251127 5.267316567634911 2
      vertex 154.3069403357322 33.24028467725446 2
      vertex 154.27387953251127 33.33268343236509 2
    endloop
  endfacet
  facet normal 0 0 1
    outer loop
      vertex 153.35 4.65 2
      vertex 154.05710678118655 33.65710678118654 2
      vertex 153.98439328416364 33.72301045336273 2
    endloop
  endfacet
  facet normal 0 0 1
    outer loop
      vertex 153.35 4.65 2
      vertex 153.98439328416364 33.72301045336273 2
      vertex 153.9055702330196 33.781469612302544 2
    endloop
  endfacet
  facet normal 0 0 1
    outer loop
      vertex 153.98439328416364 4.8769895466372635 2
      vertex 154.12301045336272 33.584393284163646 2
      vertex 154.05710678118655 33.65710678118654 2
    endloop
  endfacet
  facet normal 0 0 1
    outer loop
      vertex 154.18146961230255 5.094429766980397 2
      vertex 154.23192126434836 33.421396736826 2
      vertex 154.18146961230255 33.5055702330196 2
    endloop
  endfacet
  facet normal 0 0 1
    outer loop
      vertex 154.12301045336272 5.015606715836354 2
      vertex 154.18146961230255 33.5055702330196 2
      vertex 154.12301045336272 33.584393284163646 2
    endloop
  endfacet
  facet normal 0 0 1
    outer loop
      vertex 154.23192126434836 5.178603263174002 2
      vertex 154.27387953251127 33.33268343236509 2
      vertex 154.23192126434836 33.421396736826 2
    endloop
  endfacet
  facet normal 0 0 1
    outer loop
      vertex 153.35 4.65 2
      vertex 153.44801714032957 33.945184726672196 2
      vertex 153.35 33.949999999999996 2
    endloop
  endfacet
  facet normal 0 0 1
    outer loop
      vertex 153.35 4.65 2
      vertex 153.54509032201614 33.93078528040323 2
      vertex 153.44801714032957 33.945184726672196 2
    endloop
  endfacet
  facet normal 0 0 1
    outer loop
      vertex 153.35 4.65 2
      vertex 153.64028467725447 33.90694033573221 2
      vertex 153.54509032201614 33.93078528040323 2
    endloop
  endfacet
  facet normal 0 0 1
    outer loop
      vertex 158.2061635471339 -4.272746551564786 2
      vertex 156 43.199999999999996 2
      vertex 156.35 35.349999999999994 2
    endloop
  endfacet
  facet normal 0 0 1
    outer loop
      vertex 158.2061635471339 -4.272746551564786 2
      vertex 163.6 35.599999999999994 2
      vertex 156 43.199999999999996 2
    endloop
  endfacet
  facet normal 0 0 -1
    outer loop
      vertex 163.6 35.599999999999994 0
      vertex 163.45396813106456 37.082686447322565 0
      vertex 163.5634039227087 36.344930266504655 0
    endloop
  endfacet
  facet normal 0.9987954562051721 0.04906767432742248 0
    outer loop
      vertex 163.6 35.599999999999994 0
      vertex 163.5634039227087 36.344930266504655 0
      vertex 163.6 35.599999999999994 2
    endloop
  endfacet
  facet normal 0.9891765099647837 0.14673047445534426 2.8355603865124647e-18
    outer loop
      vertex 163.5634039227087 36.344930266504655 0
      vertex 163.45396813106456 37.082686447322565 0
      vertex 163.45396813106456 37.082686447322565 2
    endloop
  endfacet
  facet normal 0.9987954562051721 0.04906767432742248 0
    outer loop
      vertex 163.5634039227087 36.344930266504655 0
      vertex 163.5634039227087 36.344930266504655 2
      vertex 163.6 35.599999999999994 2
    endloop
  endfacet
  facet normal 0.9891765099647837 0.14673047445534426 0
    outer loop
      vertex 163.5634039227087 36.344930266504655 0
      vertex 163.45396813106456 37.082686447322565 2
      vertex 163.5634039227087 36.344930266504655 2
    endloop
  endfacet
  facet normal 0 0 -1
    outer loop
      vertex 163.45396813106456 37.082686447322565 0
      vertex 162.7026016090475 39.182615199877574 0
      vertex 163.27274655156478 37.806163547133906 0
    endloop
  endfacet
  facet normal 0 0 -1
    outer loop
      vertex 163.27274655156478 37.806163547133906 0
      vertex 162.7026016090475 39.182615199877574 0
      vertex 163.02148444708578 38.50839408597468 0
    endloop
  endfacet
  facet normal 0 0 -1
    outer loop
      vertex 163.45396813106456 37.082686447322565 0
      vertex 161.37401153701776 40.97401153701775 0
      vertex 162.7026016090475 39.182615199877574 0
    endloop
  endfacet
  facet normal 0 0 -1
    outer loop
      vertex 162.7026016090475 39.182615199877574 0
      vertex 161.37401153701776 40.97401153701775 0
      vertex 161.87487944555681 40.4213889596437 0
    endloop
  endfacet
  facet normal 0 0 -1
    outer loop
      vertex 162.7026016090475 39.182615199877574 0
      vertex 161.87487944555681 40.4213889596437 0
      vertex 162.31916905349934 39.82233377094897 0
    endloop
  endfacet
  facet normal 0.97003125319454 0.24298017990327972 0
    outer loop
      vertex 163.45396813106456 37.082686447322565 0
      vertex 163.27274655156478 37.806163547133906 0
      vertex 163.45396813106456 37.082686447322565 2
    endloop
  endfacet
  facet normal 0.9415440651830264 0.3368898533922045 3.6689435546092745e-18
    outer loop
      vertex 163.27274655156478 37.806163547133906 0
      vertex 163.02148444708578 38.50839408597468 0
      vertex 163.02148444708578 38.50839408597468 2
    endloop
  endfacet
  facet normal 0.9039892931234369 0.4275550934302959 0
    outer loop
      vertex 163.02148444708578 38.50839408597468 0
      vertex 162.7026016090475 39.182615199877574 0
      vertex 163.02148444708578 38.50839408597468 2
    endloop
  endfacet
  facet normal 0.8032075314806573 0.5956993044924167 0
    outer loop
      vertex 162.31916905349934 39.82233377094897 0
      vertex 161.87487944555681 40.4213889596437 0
      vertex 162.31916905349934 39.82233377094897 2
    endloop
  endfacet
  facet normal 0.8577286100002736 0.5141027441932193 5.914225886168259e-18
    outer loop
      vertex 162.7026016090475 39.182615199877574 0
      vertex 162.31916905349934 39.82233377094897 0
      vertex 162.31916905349934 39.82233377094897 2
    endloop
  endfacet
  facet normal 0 0 -1
    outer loop
      vertex 156 43.199999999999996 0
      vertex 156.74493026650467 43.16340392270869 0
      vertex 157.48268644732258 43.05396813106454 0
    endloop
  endfacet
  facet normal 0 0 -1
    outer loop
      vertex 163.45396813106456 37.082686447322565 0
      vertex 157.48268644732258 43.05396813106454 0
      vertex 161.37401153701776 40.97401153701775 0
    endloop
  endfacet
  facet normal 0 0 -1
    outer loop
      vertex 160.8213889596437 41.474879445556795 0
      vertex 161.37401153701776 40.97401153701775 0
      vertex 160.22233377094898 41.91916905349934 0
    endloop
  endfacet
  facet normal 0 0 -1
    outer loop
      vertex 157.48268644732258 43.05396813106454 0
      vertex 159.58261519987758 42.30260160904749 0
      vertex 161.37401153701776 40.97401153701775 0
    endloop
  endfacet
  facet normal 0 0 -1
    outer loop
      vertex 161.37401153701776 40.97401153701775 0
      vertex 159.58261519987758 42.30260160904749 0
      vertex 160.22233377094898 41.91916905349934 0
    endloop
  endfacet
  facet normal 0 0 -1
    outer loop
      vertex 158.2061635471339 42.87274655156478 0
      vertex 158.9083940859747 42.62148444708577 0
      vertex 159.58261519987758 42.30260160904749 0
    endloop
  endfacet
  facet normal 0 0 -1
    outer loop
      vertex 157.48268644732258 43.05396813106454 0
      vertex 158.2061635471339 42.87274655156478 0
      vertex 159.58261519987758 42.30260160904749 0
    endloop
  endfacet
  facet normal 0.04906767432742201 0.9987954562051723 0
    outer loop
      vertex 156 43.199999999999996 0
      vertex 156 43.199999999999996 2
      vertex 156.74493026650467 43.16340392270869 0
    endloop
  endfacet
  facet normal 0.14673047445536289 0.9891765099647808 -1.4657666995665542e-18
    outer loop
      vertex 156.74493026650467 43.16340392270869 0
      vertex 157.48268644732258 43.05396813106454 2
      vertex 157.48268644732258 43.05396813106454 0
    endloop
  endfacet
  facet normal 0.242980179903264 0.9700312531945439 0
    outer loop
      vertex 157.48268644732258 43.05396813106454 0
      vertex 157.48268644732258 43.05396813106454 2
      vertex 158.2061635471339 42.87274655156478 0
    endloop
  endfacet
  facet normal 0.5956993044924306 0.8032075314806469 0
    outer loop
      vertex 160.8213889596437 41.474879445556795 0
      vertex 160.22233377094898 41.91916905349934 0
      vertex 160.8213889596437 41.474879445556795 2
    endloop
  endfacet
  facet normal 0.7409511253549503 0.671558954847028 -1.0348205964767147e-17
    outer loop
      vertex 161.87487944555681 40.4213889596437 0
      vertex 161.37401153701776 40.97401153701775 0
      vertex 161.37401153701776 40.97401153701775 2
    endloop
  endfacet
  facet normal 0.6715589548470228 0.7409511253549551 0
    outer loop
      vertex 160.8213889596437 41.474879445556795 0
      vertex 160.8213889596437 41.474879445556795 2
      vertex 161.37401153701776 40.97401153701775 0
    endloop
  endfacet
  facet normal 0.5141027441932193 0.8577286100002736 5.914225886168259e-18
    outer loop
      vertex 159.58261519987758 42.30260160904749 0
      vertex 160.22233377094898 41.91916905349934 2
      vertex 160.22233377094898 41.91916905349934 0
    endloop
  endfacet
  facet normal 0.33688985339221844 0.9415440651830215 6.1784113056613765e-18
    outer loop
      vertex 158.2061635471339 42.87274655156478 0
      vertex 158.9083940859747 42.62148444708577 2
      vertex 158.9083940859747 42.62148444708577 0
    endloop
  endfacet
  facet normal 0.427555093430284 0.9039892931234423 6.4092992868911945e-18
    outer loop
      vertex 159.58261519987758 42.30260160904749 0
      vertex 158.9083940859747 42.62148444708577 0
      vertex 158.9083940859747 42.62148444708577 2
    endloop
  endfacet
  facet normal 0.97003125319454 0.24298017990327972 0
    outer loop
      vertex 163.27274655156478 37.806163547133906 0
      vertex 163.27274655156478 37.806163547133906 2
      vertex 163.45396813106456 37.082686447322565 2
    endloop
  endfacet
  facet normal 0.9415440651830264 0.3368898533922045 0
    outer loop
      vertex 163.27274655156478 37.806163547133906 0
      vertex 163.02148444708578 38.50839408597468 2
      vertex 163.27274655156478 37.806163547133906 2
    endloop
  endfacet
  facet normal 0.9039892931234369 0.4275550934302959 0
    outer loop
      vertex 162.7026016090475 39.182615199877574 0
      vertex 162.7026016090475 39.182615199877574 2
      vertex 163.02148444708578 38.50839408597468 2
    endloop
  endfacet
  facet normal 0.8577286100002736 0.5141027441932193 0
    outer loop
      vertex 162.7026016090475 39.182615199877574 0
      vertex 162.31916905349934 39.82233377094897 2
      vertex 162.7026016090475 39.182615199877574 2
    endloop
  endfacet
  facet normal 0.04906767432742201 0.9987954562051723 0
    outer loop
      vertex 156.74493026650467 43.16340392270869 0
      vertex 156 43.199999999999996 2
      vertex 156.74493026650467 43.16340392270869 2
    endloop
  endfacet
  facet normal 0.14673047445536289 0.9891765099647808 0
    outer loop
      vertex 156.74493026650467 43.16340392270869 0
      vertex 156.74493026650467 43.16340392270869 2
      vertex 157.48268644732258 43.05396813106454 2
    endloop
  endfacet
  facet normal 0.242980179903264 0.9700312531945439 0
    outer loop
      vertex 158.2061635471339 42.87274655156478 0
      vertex 157.48268644732258 43.05396813106454 2
      vertex 158.2061635471339 42.87274655156478 2
    endloop
  endfacet
  facet normal 0.8032075314806573 0.5956993044924167 0
    outer loop
      vertex 161.87487944555681 40.4213889596437 0
      vertex 161.87487944555681 40.4213889596437 2
      vertex 162.31916905349934 39.82233377094897 2
    endloop
  endfacet
  facet normal 0.7409511253549503 0.671558954847028 0
    outer loop
      vertex 161.87487944555681 40.4213889596437 0
      vertex 161.37401153701776 40.97401153701775 2
      vertex 161.87487944555681 40.4213889596437 2
    endloop
  endfacet
  facet normal 0.6715589548470228 0.7409511253549551 0
    outer loop
      vertex 161.37401153701776 40.97401153701775 0
      vertex 160.8213889596437 41.474879445556795 2
      vertex 161.37401153701776 40.97401153701775 2
    endloop
  endfacet
  facet normal 0.427555093430284 0.9039892931234423 0
    outer loop
      vertex 159.58261519987758 42.30260160904749 0
      vertex 158.9083940859747 42.62148444708577 2
      vertex 159.58261519987758 42.30260160904749 2
    endloop
  endfacet
  facet normal 0.5956993044924306 0.8032075314806469 0
    outer loop
      vertex 160.22233377094898 41.91916905349934 0
      vertex 160.22233377094898 41.91916905349934 2
      vertex 160.8213889596437 41.474879445556795 2
    endloop
  endfacet
  facet normal 0.5141027441932193 0.8577286100002736 0
    outer loop
      vertex 159.58261519987758 42.30260160904749 0
      vertex 159.58261519987758 42.30260160904749 2
      vertex 160.22233377094898 41.91916905349934 2
    endloop
  endfacet
  facet normal 0.33688985339221844 0.9415440651830215 0
    outer loop
      vertex 158.2061635471339 42.87274655156478 0
      vertex 158.2061635471339 42.87274655156478 2
      vertex 158.9083940859747 42.62148444708577 2
    endloop
  endfacet
  facet normal 0 0 1
    outer loop
      vertex 163.6 35.599999999999994 2
      vertex 163.5634039227087 36.344930266504655 2
      vertex 163.45396813106456 37.082686447322565 2
    endloop
  endfacet
  facet normal 0 0 1
    outer loop
      vertex 163.6 35.599999999999994 2
      vertex 163.45396813106456 37.082686447322565 2
      vertex 163.02148444708578 38.50839408597468 2
    endloop
  endfacet
  facet normal 0 0 1
    outer loop
      vertex 156 43.199999999999996 2
      vertex 156.3471108360033 35.40881028419773 2
      vertex 156.35 35.349999999999994 2
    endloop
  endfacet
  facet normal 0 0 1
    outer loop
      vertex 156 43.199999999999996 2
      vertex 156.32416420143932 35.52417080635267 2
      vertex 156.33847116824194 35.46705419320967 2
    endloop
  endfacet
  facet normal 0 0 1
    outer loop
      vertex 156 43.199999999999996 2
      vertex 156.33847116824194 35.46705419320967 2
      vertex 156.3471108360033 35.40881028419773 2
    endloop
  endfacet
  facet normal 0 0 1
    outer loop
      vertex 156 43.199999999999996 2
      vertex 156.279152758609 35.63283804209559 2
      vertex 156.30432771950677 35.579610059419046 2
    endloop
  endfacet
  facet normal 0 0 1
    outer loop
      vertex 156 43.199999999999996 2
      vertex 156.30432771950677 35.579610059419046 2
      vertex 156.32416420143932 35.52417080635267 2
    endloop
  endfacet
  facet normal 0 0 1
    outer loop
      vertex 156 43.199999999999996 2
      vertex 155.9241708063527 35.92416420143932 2
      vertex 155.97961005941906 35.90432771950677 2
    endloop
  endfacet
  facet normal 0 0 1
    outer loop
      vertex 156 43.199999999999996 2
      vertex 155.97961005941906 35.90432771950677 2
      vertex 156.0328380420956 35.87915275860901 2
    endloop
  endfacet
  facet normal 0 0 1
    outer loop
      vertex 156 43.199999999999996 2
      vertex 156.0328380420956 35.87915275860901 2
      vertex 156.08334213981175 35.84888176738152 2
    endloop
  endfacet
  facet normal 0 0 1
    outer loop
      vertex 156 43.199999999999996 2
      vertex 156.21380627201765 35.730635970498184 2
      vertex 156.24888176738153 35.68334213981176 2
    endloop
  endfacet
  facet normal 0 0 1
    outer loop
      vertex 156 43.199999999999996 2
      vertex 156.24888176738153 35.68334213981176 2
      vertex 156.279152758609 35.63283804209559 2
    endloop
  endfacet
  facet normal 0 0 1
    outer loop
      vertex 156 43.199999999999996 2
      vertex 156.17426406871192 35.77426406871192 2
      vertex 156.21380627201765 35.730635970498184 2
    endloop
  endfacet
  facet normal 0 0 1
    outer loop
      vertex 156 43.199999999999996 2
      vertex 156.08334213981175 35.84888176738152 2
      vertex 156.1306359704982 35.813806272017636 2
    endloop
  endfacet
  facet normal 0 0 1
    outer loop
      vertex 156 43.199999999999996 2
      vertex 156.1306359704982 35.813806272017636 2
      vertex 156.17426406871192 35.77426406871192 2
    endloop
  endfacet
  facet normal 0 0 1
    outer loop
      vertex 156 43.199999999999996 2
      vertex 155.75 35.949999999999996 2
      vertex 155.80881028419773 35.94711083600331 2
    endloop
  endfacet
  facet normal 0 0 1
    outer loop
      vertex 156 43.199999999999996 2
      vertex 155.80881028419773 35.94711083600331 2
      vertex 155.86705419320967 35.93847116824193 2
    endloop
  endfacet
  facet normal 0 0 1
    outer loop
      vertex 156 43.199999999999996 2
      vertex 155.86705419320967 35.93847116824193 2
      vertex 155.9241708063527 35.92416420143932 2
    endloop
  endfacet
  facet normal 0 0 1
    outer loop
      vertex 163.45396813106456 37.082686447322565 2
      vertex 163.27274655156478 37.806163547133906 2
      vertex 163.02148444708578 38.50839408597468 2
    endloop
  endfacet
  facet normal 0 0 1
    outer loop
      vertex 163.6 35.599999999999994 2
      vertex 163.02148444708578 38.50839408597468 2
      vertex 161.37401153701776 40.97401153701775 2
    endloop
  endfacet
  facet normal 0 0 1
    outer loop
      vertex 163.6 35.599999999999994 2
      vertex 161.37401153701776 40.97401153701775 2
      vertex 156 43.199999999999996 2
    endloop
  endfacet
  facet normal 0 0 1
    outer loop
      vertex 163.02148444708578 38.50839408597468 2
      vertex 162.7026016090475 39.182615199877574 2
      vertex 162.31916905349934 39.82233377094897 2
    endloop
  endfacet
  facet normal 0 0 1
    outer loop
      vertex 163.02148444708578 38.50839408597468 2
      vertex 162.31916905349934 39.82233377094897 2
      vertex 161.37401153701776 40.97401153701775 2
    endloop
  endfacet
  facet normal 0 0 1
    outer loop
      vertex 156 43.199999999999996 2
      vertex 157.48268644732258 43.05396813106454 2
      vertex 156.74493026650467 43.16340392270869 2
    endloop
  endfacet
  facet normal 0 0 1
    outer loop
      vertex 156 43.199999999999996 2
      vertex 158.9083940859747 42.62148444708577 2
      vertex 157.48268644732258 43.05396813106454 2
    endloop
  endfacet
  facet normal 0 0 1
    outer loop
      vertex 157.48268644732258 43.05396813106454 2
      vertex 158.9083940859747 42.62148444708577 2
      vertex 158.2061635471339 42.87274655156478 2
    endloop
  endfacet
  facet normal 0 0 1
    outer loop
      vertex 160.8213889596437 41.474879445556795 2
      vertex 160.22233377094898 41.91916905349934 2
      vertex 161.37401153701776 40.97401153701775 2
    endloop
  endfacet
  facet normal 0 0 1
    outer loop
      vertex 162.31916905349934 39.82233377094897 2
      vertex 161.87487944555681 40.4213889596437 2
      vertex 161.37401153701776 40.97401153701775 2
    endloop
  endfacet
  facet normal 0 0 1
    outer loop
      vertex 156 43.199999999999996 2
      vertex 161.37401153701776 40.97401153701775 2
      vertex 158.9083940859747 42.62148444708577 2
    endloop
  endfacet
  facet normal 0 0 1
    outer loop
      vertex 159.58261519987758 42.30260160904749 2
      vertex 158.9083940859747 42.62148444708577 2
      vertex 160.22233377094898 41.91916905349934 2
    endloop
  endfacet
  facet normal 0 0 1
    outer loop
      vertex 161.37401153701776 40.97401153701775 2
      vertex 160.22233377094898 41.91916905349934 2
      vertex 158.9083940859747 42.62148444708577 2
    endloop
  endfacet
  facet normal -0.24298017990326626 -0.9700312531945433 0
    outer loop
      vertex 3.132945806790323 2.6615288317580617 5.99
      vertex 3.0758291936473228 2.6758357985606747 2
      vertex 3.132945806790323 2.6615288317580617 2
    endloop
  endfacet
  facet normal -0.14673047445536389 -0.9891765099647806 0
    outer loop
      vertex 3.1911897158022637 2.6528891639966816 5.99
      vertex 3.132945806790323 2.6615288317580617 2
      vertex 3.1911897158022637 2.6528891639966816 2
    endloop
  endfacet
  facet normal -0.049067674327415406 -0.9987954562051725 0
    outer loop
      vertex 3.25 2.65 5.99
      vertex 3.1911897158022637 2.6528891639966816 2
      vertex 3.25 2.65 2
    endloop
  endfacet
  facet normal -0.5956993044924324 -0.8032075314806456 0
    outer loop
      vertex 2.9166578601882387 2.751118232618473 5.99
      vertex 2.8693640295018126 2.786193727982358 2
      vertex 2.9166578601882387 2.751118232618473 2
    endloop
  endfacet
  facet normal -0.5141027441932241 -0.8577286100002706 0
    outer loop
      vertex 2.9671619579044015 2.7208472413909868 5.99
      vertex 2.9166578601882387 2.751118232618473 2
      vertex 2.9671619579044015 2.7208472413909868 2
    endloop
  endfacet
  facet normal -0.6715589548470182 -0.7409511253549593 0
    outer loop
      vertex 2.8693640295018126 2.786193727982358 5.99
      vertex 2.8257359312880714 2.8257359312880714 2
      vertex 2.8693640295018126 2.786193727982358 2
    endloop
  endfacet
  facet normal -0.7409511253549593 -0.6715589548470182 0
    outer loop
      vertex 2.8257359312880714 2.8257359312880714 5.99
      vertex 2.786193727982358 2.8693640295018126 2
      vertex 2.8257359312880714 2.8257359312880714 2
    endloop
  endfacet
  facet normal -0.33688985339221794 -0.9415440651830215 0
    outer loop
      vertex 3.0758291936473228 2.6758357985606747 5.99
      vertex 3.0203899405809462 2.695672280493228 2
      vertex 3.0758291936473228 2.6758357985606747 2
    endloop
  endfacet
  facet normal -0.4275550934302809 -0.9039892931234439 0
    outer loop
      vertex 3.0203899405809462 2.695672280493228 5.99
      vertex 2.9671619579044015 2.7208472413909868 2
      vertex 3.0203899405809462 2.695672280493228 2
    endloop
  endfacet
  facet normal -0.8032075314806456 -0.5956993044924324 0
    outer loop
      vertex 2.786193727982358 2.8693640295018126 5.99
      vertex 2.751118232618473 2.9166578601882387 2
      vertex 2.786193727982358 2.8693640295018126 2
    endloop
  endfacet
  facet normal -0.8577286100002706 -0.5141027441932241 0
    outer loop
      vertex 2.751118232618473 2.9166578601882387 5.99
      vertex 2.7208472413909868 2.9671619579044015 2
      vertex 2.751118232618473 2.9166578601882387 2
    endloop
  endfacet
  facet normal -0.9039892931234439 -0.4275550934302809 0
    outer loop
      vertex 2.7208472413909868 2.9671619579044015 5.99
      vertex 2.695672280493228 3.0203899405809462 2
      vertex 2.7208472413909868 2.9671619579044015 2
    endloop
  endfacet
  facet normal -0.9415440651830215 -0.33688985339221794 0
    outer loop
      vertex 2.695672280493228 3.0203899405809462 5.99
      vertex 2.6758357985606747 3.0758291936473228 2
      vertex 2.695672280493228 3.0203899405809462 2
    endloop
  endfacet
  facet normal -0.9700312531945433 -0.24298017990326626 0
    outer loop
      vertex 2.6758357985606747 3.0758291936473228 5.99
      vertex 2.6615288317580617 3.132945806790323 2
      vertex 2.6758357985606747 3.0758291936473228 2
    endloop
  endfacet
  facet normal -0.9891765099647806 -0.14673047445536389 0
    outer loop
      vertex 2.6615288317580617 3.132945806790323 5.99
      vertex 2.6528891639966816 3.1911897158022637 2
      vertex 2.6615288317580617 3.132945806790323 2
    endloop
  endfacet
  facet normal -0.9987954562051725 -0.049067674327415406 0
    outer loop
      vertex 2.6528891639966816 3.1911897158022637 5.99
      vertex 2.65 3.25 2
      vertex 2.6528891639966816 3.1911897158022637 2
    endloop
  endfacet
  facet normal -0.24298017990326626 -0.9700312531945433 0
    outer loop
      vertex 3.0758291936473228 2.6758357985606747 5.99
      vertex 3.0758291936473228 2.6758357985606747 2
      vertex 3.132945806790323 2.6615288317580617 5.99
    endloop
  endfacet
  facet normal -0.14673047445536389 -0.9891765099647806 0
    outer loop
      vertex 3.132945806790323 2.6615288317580617 5.99
      vertex 3.132945806790323 2.6615288317580617 2
      vertex 3.1911897158022637 2.6528891639966816 5.99
    endloop
  endfacet
  facet normal -0.049067674327415406 -0.9987954562051725 0
    outer loop
      vertex 3.1911897158022637 2.6528891639966816 5.99
      vertex 3.1911897158022637 2.6528891639966816 2
      vertex 3.25 2.65 5.99
    endloop
  endfacet
  facet normal -0.5141027441932241 -0.8577286100002706 0
    outer loop
      vertex 2.9166578601882387 2.751118232618473 5.99
      vertex 2.9166578601882387 2.751118232618473 2
      vertex 2.9671619579044015 2.7208472413909868 5.99
    endloop
  endfacet
  facet normal -0.5956993044924324 -0.8032075314806456 4.1133048928246007e-19
    outer loop
      vertex 2.9166578601882387 2.751118232618473 5.99
      vertex 2.8693640295018126 2.786193727982358 5.99
      vertex 2.8693640295018126 2.786193727982358 2
    endloop
  endfacet
  facet normal -0.6715589548470182 -0.7409511253549593 -4.0280831732907233e-19
    outer loop
      vertex 2.8693640295018126 2.786193727982358 5.99
      vertex 2.8257359312880714 2.8257359312880714 5.99
      vertex 2.8257359312880714 2.8257359312880714 2
    endloop
  endfacet
  facet normal -0.7409511253549593 -0.6715589548470182 -4.0280831732907233e-19
    outer loop
      vertex 2.8257359312880714 2.8257359312880714 5.99
      vertex 2.786193727982358 2.8693640295018126 5.99
      vertex 2.786193727982358 2.8693640295018126 2
    endloop
  endfacet
  facet normal -0.4275550934302809 -0.9039892931234439 3.8509829993910063e-19
    outer loop
      vertex 3.0203899405809462 2.695672280493228 5.99
      vertex 2.9671619579044015 2.7208472413909868 5.99
      vertex 2.9671619579044015 2.7208472413909868 2
    endloop
  endfacet
  facet normal -0.33688985339221794 -0.9415440651830215 3.2914811474920325e-19
    outer loop
      vertex 3.0758291936473228 2.6758357985606747 5.99
      vertex 3.0203899405809462 2.695672280493228 5.99
      vertex 3.0203899405809462 2.695672280493228 2
    endloop
  endfacet
  facet normal -0.8032075314806456 -0.5956993044924324 4.1133048928246007e-19
    outer loop
      vertex 2.786193727982358 2.8693640295018126 5.99
      vertex 2.751118232618473 2.9166578601882387 5.99
      vertex 2.751118232618473 2.9166578601882387 2
    endloop
  endfacet
  facet normal -0.8577286100002706 -0.5141027441932241 2.6158582570296406e-19
    outer loop
      vertex 2.751118232618473 2.9166578601882387 5.99
      vertex 2.7208472413909868 2.9671619579044015 5.99
      vertex 2.7208472413909868 2.9671619579044015 2
    endloop
  endfacet
  facet normal -0.9039892931234439 -0.4275550934302809 3.8509829993910063e-19
    outer loop
      vertex 2.7208472413909868 2.9671619579044015 5.99
      vertex 2.695672280493228 3.0203899405809462 5.99
      vertex 2.695672280493228 3.0203899405809462 2
    endloop
  endfacet
  facet normal -0.9415440651830215 -0.33688985339221794 3.2914811474920325e-19
    outer loop
      vertex 2.695672280493228 3.0203899405809462 5.99
      vertex 2.6758357985606747 3.0758291936473228 5.99
      vertex 2.6758357985606747 3.0758291936473228 2
    endloop
  endfacet
  facet normal -0.9700312531945433 -0.24298017990326626 -7.235768085339806e-20
    outer loop
      vertex 2.6758357985606747 3.0758291936473228 5.99
      vertex 2.6615288317580617 3.132945806790323 5.99
      vertex 2.6615288317580617 3.132945806790323 2
    endloop
  endfacet
  facet normal -0.9891765099647806 -0.14673047445536389 -5.830391936282174e-20
    outer loop
      vertex 2.6615288317580617 3.132945806790323 5.99
      vertex 2.6528891639966816 3.1911897158022637 5.99
      vertex 2.6528891639966816 3.1911897158022637 2
    endloop
  endfacet
  facet normal -0.9987954562051725 -0.049067674327415406 9.656464890456393e-21
    outer loop
      vertex 2.6528891639966816 3.1911897158022637 5.99
      vertex 2.65 3.25 5.99
      vertex 2.65 3.25 2
    endloop
  endfacet
  facet normal 0 0 1
    outer loop
      vertex 3.0758291936473228 2.6758357985606747 5.99
      vertex 3.132945806790323 2.6615288317580617 5.99
      vertex 3.0203899405809462 2.695672280493228 5.99
    endloop
  endfacet
  facet normal 0 0 1
    outer loop
      vertex 3.132945806790323 2.6615288317580617 5.99
      vertex 3.1911897158022637 2.6528891639966816 5.99
      vertex 3.25 2.65 5.99
    endloop
  endfacet
  facet normal 0 0 1
    outer loop
      vertex 2.9166578601882387 2.751118232618473 5.99
      vertex 2.9671619579044015 2.7208472413909868 5.99
      vertex 2.8693640295018126 2.786193727982358 5.99
    endloop
  endfacet
  facet normal 0 0 1
    outer loop
      vertex 2.9671619579044015 2.7208472413909868 5.99
      vertex 2.786193727982358 2.8693640295018126 5.99
      vertex 2.8693640295018126 2.786193727982358 5.99
    endloop
  endfacet
  facet normal 0 0 1
    outer loop
      vertex 2.8693640295018126 2.786193727982358 5.99
      vertex 2.786193727982358 2.8693640295018126 5.99
      vertex 2.8257359312880714 2.8257359312880714 5.99
    endloop
  endfacet
  facet normal 0 0 1
    outer loop
      vertex 3.0203899405809462 2.695672280493228 5.99
      vertex 3.132945806790323 2.6615288317580617 5.99
      vertex 2.9671619579044015 2.7208472413909868 5.99
    endloop
  endfacet
  facet normal 0 0 1
    outer loop
      vertex 3.132945806790323 2.6615288317580617 5.99
      vertex 2.786193727982358 2.8693640295018126 5.99
      vertex 2.9671619579044015 2.7208472413909868 5.99
    endloop
  endfacet
  facet normal 0 0 1
    outer loop
      vertex 2.786193727982358 2.8693640295018126 5.99
      vertex 2.7208472413909868 2.9671619579044015 5.99
      vertex 2.751118232618473 2.9166578601882387 5.99
    endloop
  endfacet
  facet normal 0 0 1
    outer loop
      vertex 2.786193727982358 2.8693640295018126 5.99
      vertex 2.695672280493228 3.0203899405809462 5.99
      vertex 2.7208472413909868 2.9671619579044015 5.99
    endloop
  endfacet
  facet normal 0 0 1
    outer loop
      vertex 3.132945806790323 2.6615288317580617 5.99
      vertex 2.65 3.25 5.99
      vertex 2.786193727982358 2.8693640295018126 5.99
    endloop
  endfacet
  facet normal 0 0 1
    outer loop
      vertex 2.786193727982358 2.8693640295018126 5.99
      vertex 2.65 3.25 5.99
      vertex 2.695672280493228 3.0203899405809462 5.99
    endloop
  endfacet
  facet normal 0 0 1
    outer loop
      vertex 2.695672280493228 3.0203899405809462 5.99
      vertex 2.6615288317580617 3.132945806790323 5.99
      vertex 2.6758357985606747 3.0758291936473228 5.99
    endloop
  endfacet
  facet normal 0 0 1
    outer loop
      vertex 2.695672280493228 3.0203899405809462 5.99
      vertex 2.65 3.25 5.99
      vertex 2.6615288317580617 3.132945806790323 5.99
    endloop
  endfacet
  facet normal 0 0 1
    outer loop
      vertex 2.6615288317580617 3.132945806790323 5.99
      vertex 2.65 3.25 5.99
      vertex 2.6528891639966816 3.1911897158022637 5.99
    endloop
  endfacet
  facet normal 0 0 1
    outer loop
      vertex 3.132945806790323 2.6615288317580617 5.99
      vertex 5.359715322745538 4.693059664267791 5.99
      vertex 5.267316567634911 4.7261204674887125 5.99
    endloop
  endfacet
  facet normal 0 0 1
    outer loop
      vertex 3.132945806790323 2.6615288317580617 5.99
      vertex 5.267316567634911 4.7261204674887125 5.99
      vertex 5.178603263174002 4.768078735651645 5.99
    endloop
  endfacet
  facet normal 0 0 1
    outer loop
      vertex 3.132945806790323 2.6615288317580617 5.99
      vertex 5.094429766980397 4.818530387697455 5.99
      vertex 5.015606715836354 4.8769895466372635 5.99
    endloop
  endfacet
  facet normal 0 0 1
    outer loop
      vertex 3.132945806790323 2.6615288317580617 5.99
      vertex 5.015606715836354 4.8769895466372635 5.99
      vertex 4.9428932188134524 4.9428932188134524 5.99
    endloop
  endfacet
  facet normal 0 0 1
    outer loop
      vertex 3.132945806790323 2.6615288317580617 5.99
      vertex 5.178603263174002 4.768078735651645 5.99
      vertex 5.094429766980397 4.818530387697455 5.99
    endloop
  endfacet
  facet normal 0 0 1
    outer loop
      vertex 3.132945806790323 2.6615288317580617 5.99
      vertex 4.818530387697455 5.094429766980397 5.99
      vertex 4.768078735651645 5.178603263174002 5.99
    endloop
  endfacet
  facet normal 0 0 1
    outer loop
      vertex 3.132945806790323 2.6615288317580617 5.99
      vertex 4.9428932188134524 4.9428932188134524 5.99
      vertex 4.8769895466372635 5.015606715836354 5.99
    endloop
  endfacet
  facet normal 0 0 1
    outer loop
      vertex 3.132945806790323 2.6615288317580617 5.99
      vertex 4.8769895466372635 5.015606715836354 5.99
      vertex 4.818530387697455 5.094429766980397 5.99
    endloop
  endfacet
  facet normal 0 0 1
    outer loop
      vertex 3.132945806790323 2.6615288317580617 5.99
      vertex 5.65 4.65 5.99
      vertex 5.551982859670439 4.654815273327802 5.99
    endloop
  endfacet
  facet normal 0 0 1
    outer loop
      vertex 3.132945806790323 2.6615288317580617 5.99
      vertex 5.551982859670439 4.654815273327802 5.99
      vertex 5.454909677983872 4.66921471959677 5.99
    endloop
  endfacet
  facet normal 0 0 1
    outer loop
      vertex 3.132945806790323 2.6615288317580617 5.99
      vertex 5.454909677983872 4.66921471959677 5.99
      vertex 5.359715322745538 4.693059664267791 5.99
    endloop
  endfacet
  facet normal 0 0 1
    outer loop
      vertex 3.132945806790323 2.6615288317580617 5.99
      vertex 4.768078735651645 5.178603263174002 5.99
      vertex 4.7261204674887125 5.267316567634911 5.99
    endloop
  endfacet
  facet normal 0 0 1
    outer loop
      vertex 3.132945806790323 2.6615288317580617 5.99
      vertex 4.7261204674887125 5.267316567634911 5.99
      vertex 4.693059664267791 5.359715322745538 5.99
    endloop
  endfacet
  facet normal 0 0 1
    outer loop
      vertex 3.132945806790323 2.6615288317580617 5.99
      vertex 4.693059664267791 5.359715322745538 5.99
      vertex 4.66921471959677 5.454909677983872 5.99
    endloop
  endfacet
  facet normal 0 0 1
    outer loop
      vertex 3.132945806790323 2.6615288317580617 5.99
      vertex 4.66921471959677 5.454909677983872 5.99
      vertex 4.654815273327802 5.551982859670439 5.99
    endloop
  endfacet
  facet normal -1 0 0
    outer loop
      vertex 2.65 3.25 5.99
      vertex 2.65 35.349999999999994 2
      vertex 2.65 3.25 2
    endloop
  endfacet
  facet normal 0 0 1
    outer loop
      vertex 3.132945806790323 2.6615288317580617 5.99
      vertex 3.132945806790323 35.93847116824193 5.99
      vertex 2.65 3.25 5.99
    endloop
  endfacet
  facet normal 0 0 1
    outer loop
      vertex 3.132945806790323 2.6615288317580617 5.99
      vertex 4.654815273327802 5.551982859670439 5.99
      vertex 3.132945806790323 35.93847116824193 5.99
    endloop
  endfacet
  facet normal 0 0 1
    outer loop
      vertex 4.654815273327802 5.551982859670439 5.99
      vertex 4.65 5.65 5.99
      vertex 3.132945806790323 35.93847116824193 5.99
    endloop
  endfacet
  facet normal 0 -1 0
    outer loop
      vertex 3.25 2.65 5.99
      vertex 3.25 2.65 2
      vertex 155.75 2.65 5.99
    endloop
  endfacet
  facet normal 0 0 1
    outer loop
      vertex 3.132945806790323 2.6615288317580617 5.99
      vertex 3.25 2.65 5.99
      vertex 155.86705419320967 2.6615288317580617 5.99
    endloop
  endfacet
  facet normal 0 0 1
    outer loop
      vertex 3.132945806790323 2.6615288317580617 5.99
      vertex 155.86705419320967 2.6615288317580617 5.99
      vertex 5.65 4.65 5.99
    endloop
  endfacet
  facet normal -1 0 0
    outer loop
      vertex 2.65 3.25 5.99
      vertex 2.65 35.349999999999994 5.99
      vertex 2.65 35.349999999999994 2
    endloop
  endfacet
  facet normal 0 0 1
    outer loop
      vertex 2.65 3.25 5.99
      vertex 2.695672280493228 35.579610059419046 5.99
      vertex 2.65 35.349999999999994 5.99
    endloop
  endfacet
  facet normal 0 0 1
    outer loop
      vertex 2.65 3.25 5.99
      vertex 3.132945806790323 35.93847116824193 5.99
      vertex 2.695672280493228 35.579610059419046 5.99
    endloop
  endfacet
  facet normal 0 0 1
    outer loop
      vertex 4.65 5.65 5.99
      vertex 4.65 32.949999999999996 5.99
      vertex 3.132945806790323 35.93847116824193 5.99
    endloop
  endfacet
  facet normal -0.9987954562051725 0.049067674327418 0
    outer loop
      vertex 2.65 35.349999999999994 5.99
      vertex 2.6528891639966816 35.40881028419773 2
      vertex 2.65 35.349999999999994 2
    endloop
  endfacet
  facet normal -0.989176509964781 0.14673047445536058 0
    outer loop
      vertex 2.6528891639966816 35.40881028419773 5.99
      vertex 2.6615288317580617 35.46705419320967 2
      vertex 2.6528891639966816 35.40881028419773 2
    endloop
  endfacet
  facet normal -0.9700312531945452 0.24298017990325915 0
    outer loop
      vertex 2.6615288317580617 35.46705419320967 5.99
      vertex 2.6758357985606747 35.52417080635267 2
      vertex 2.6615288317580617 35.46705419320967 2
    endloop
  endfacet
  facet normal -0.941544065183018 0.3368898533922275 0
    outer loop
      vertex 2.6758357985606747 35.52417080635267 5.99
      vertex 2.695672280493228 35.579610059419046 2
      vertex 2.6758357985606747 35.52417080635267 2
    endloop
  endfacet
  facet normal -0.903989293123448 0.42755509343027215 0
    outer loop
      vertex 2.695672280493228 35.579610059419046 5.99
      vertex 2.7208472413909868 35.63283804209559 2
      vertex 2.695672280493228 35.579610059419046 2
    endloop
  endfacet
  facet normal -0.8577286100002766 0.5141027441932141 0
    outer loop
      vertex 2.7208472413909868 35.63283804209559 5.99
      vertex 2.751118232618473 35.68334213981176 2
      vertex 2.7208472413909868 35.63283804209559 2
    endloop
  endfacet
  facet normal -0.8032075314806564 0.5956993044924179 0
    outer loop
      vertex 2.751118232618473 35.68334213981176 5.99
      vertex 2.786193727982358 35.730635970498184 2
      vertex 2.751118232618473 35.68334213981176 2
    endloop
  endfacet
  facet normal -0.7409511253549321 0.6715589548470482 0
    outer loop
      vertex 2.786193727982358 35.730635970498184 5.99
      vertex 2.8257359312880714 35.77426406871192 2
      vertex 2.786193727982358 35.730635970498184 2
    endloop
  endfacet
  facet normal -0.6715589548470263 0.7409511253549518 0
    outer loop
      vertex 2.8257359312880714 35.77426406871192 5.99
      vertex 2.8693640295018126 35.813806272017636 2
      vertex 2.8257359312880714 35.77426406871192 2
    endloop
  endfacet
  facet normal -0.5956993044924226 0.8032075314806528 0
    outer loop
      vertex 2.8693640295018126 35.813806272017636 5.99
      vertex 2.9166578601882387 35.84888176738152 2
      vertex 2.8693640295018126 35.813806272017636 2
    endloop
  endfacet
  facet normal -0.514102744193263 0.8577286100002474 0
    outer loop
      vertex 2.9166578601882387 35.84888176738152 5.99
      vertex 2.9671619579044015 35.87915275860901 2
      vertex 2.9166578601882387 35.84888176738152 2
    endloop
  endfacet
  facet normal -0.33688985339217786 0.9415440651830358 0
    outer loop
      vertex 3.0203899405809462 35.90432771950677 5.99
      vertex 3.0758291936473228 35.92416420143932 2
      vertex 3.0203899405809462 35.90432771950677 2
    endloop
  endfacet
  facet normal -0.42755509343026243 0.9039892931234527 0
    outer loop
      vertex 2.9671619579044015 35.87915275860901 5.99
      vertex 3.0203899405809462 35.90432771950677 2
      vertex 2.9671619579044015 35.87915275860901 2
    endloop
  endfacet
  facet normal -0.24298017990328757 0.9700312531945381 0
    outer loop
      vertex 3.0758291936473228 35.92416420143932 5.99
      vertex 3.132945806790323 35.93847116824193 2
      vertex 3.0758291936473228 35.92416420143932 2
    endloop
  endfacet
  facet normal -0.04906767432746055 0.9987954562051703 0
    outer loop
      vertex 3.1911897158022637 35.94711083600331 5.99
      vertex 3.25 35.949999999999996 2
      vertex 3.1911897158022637 35.94711083600331 2
    endloop
  endfacet
  facet normal -0.14673047445534915 0.9891765099647828 0
    outer loop
      vertex 3.132945806790323 35.93847116824193 5.99
      vertex 3.1911897158022637 35.94711083600331 2
      vertex 3.132945806790323 35.93847116824193 2
    endloop
  endfacet
  facet normal -0.9987954562051725 0.049067674327418 -5.031824756461868e-20
    outer loop
      vertex 2.65 35.349999999999994 5.99
      vertex 2.6528891639966816 35.40881028419773 5.99
      vertex 2.6528891639966816 35.40881028419773 2
    endloop
  endfacet
  facet normal -0.989176509964781 0.14673047445536058 1.3409757524375355e-19
    outer loop
      vertex 2.6528891639966816 35.40881028419773 5.99
      vertex 2.6615288317580617 35.46705419320967 5.99
      vertex 2.6615288317580617 35.46705419320967 2
    endloop
  endfacet
  facet normal -0.9700312531945452 0.24298017990325915 -2.020690385197082e-19
    outer loop
      vertex 2.6615288317580617 35.46705419320967 5.99
      vertex 2.6758357985606747 35.52417080635267 5.99
      vertex 2.6758357985606747 35.52417080635267 2
    endloop
  endfacet
  facet normal -0.941544065183018 0.3368898533922275 1.3191558395271348e-19
    outer loop
      vertex 2.6758357985606747 35.52417080635267 5.99
      vertex 2.695672280493228 35.579610059419046 5.99
      vertex 2.695672280493228 35.579610059419046 2
    endloop
  endfacet
  facet normal -0.903989293123448 0.42755509343027215 2.3787370668268223e-19
    outer loop
      vertex 2.695672280493228 35.579610059419046 5.99
      vertex 2.7208472413909868 35.63283804209559 5.99
      vertex 2.7208472413909868 35.63283804209559 2
    endloop
  endfacet
  facet normal -0.8577286100002766 0.5141027441932141 -2.7545806895623203e-19
    outer loop
      vertex 2.7208472413909868 35.63283804209559 5.99
      vertex 2.751118232618473 35.68334213981176 5.99
      vertex 2.751118232618473 35.68334213981176 2
    endloop
  endfacet
  facet normal -0.8032075314806564 0.5956993044924179 -9.894168292128325e-20
    outer loop
      vertex 2.751118232618473 35.68334213981176 5.99
      vertex 2.786193727982358 35.730635970498184 5.99
      vertex 2.786193727982358 35.730635970498184 2
    endloop
  endfacet
  facet normal -0.7409511253549321 0.6715589548470482 -3.904521234602585e-19
    outer loop
      vertex 2.786193727982358 35.730635970498184 5.99
      vertex 2.8257359312880714 35.77426406871192 5.99
      vertex 2.8257359312880714 35.77426406871192 2
    endloop
  endfacet
  facet normal -0.6715589548470263 0.7409511253549518 1.2655247675678037e-19
    outer loop
      vertex 2.8257359312880714 35.77426406871192 5.99
      vertex 2.8693640295018126 35.813806272017636 5.99
      vertex 2.8693640295018126 35.813806272017636 2
    endloop
  endfacet
  facet normal -0.5956993044924226 0.8032075314806528 -1.4877181235568633e-19
    outer loop
      vertex 2.8693640295018126 35.813806272017636 5.99
      vertex 2.9166578601882387 35.84888176738152 5.99
      vertex 2.9166578601882387 35.84888176738152 2
    endloop
  endfacet
  facet normal -0.514102744193263 0.8577286100002474 -2.3690094889634695e-19
    outer loop
      vertex 2.9166578601882387 35.84888176738152 5.99
      vertex 2.9671619579044015 35.87915275860901 5.99
      vertex 2.9671619579044015 35.87915275860901 2
    endloop
  endfacet
  facet normal -0.42755509343026243 0.9039892931234527 -4.1530322775457066e-19
    outer loop
      vertex 2.9671619579044015 35.87915275860901 5.99
      vertex 3.0203899405809462 35.90432771950677 5.99
      vertex 3.0203899405809462 35.90432771950677 2
    endloop
  endfacet
  facet normal -0.33688985339217786 0.9415440651830358 3.7458301247712533e-19
    outer loop
      vertex 3.0203899405809462 35.90432771950677 5.99
      vertex 3.0758291936473228 35.92416420143932 5.99
      vertex 3.0758291936473228 35.92416420143932 2
    endloop
  endfacet
  facet normal -0.24298017990328757 0.9700312531945381 2.6463262627126854e-21
    outer loop
      vertex 3.0758291936473228 35.92416420143932 5.99
      vertex 3.132945806790323 35.93847116824193 5.99
      vertex 3.132945806790323 35.93847116824193 2
    endloop
  endfacet
  facet normal -0.04906767432746055 0.9987954562051703 2.336045588603915e-20
    outer loop
      vertex 3.1911897158022637 35.94711083600331 5.99
      vertex 3.25 35.949999999999996 5.99
      vertex 3.25 35.949999999999996 2
    endloop
  endfacet
  facet normal -0.14673047445534915 0.9891765099647828 -3.582868092577058e-21
    outer loop
      vertex 3.132945806790323 35.93847116824193 5.99
      vertex 3.1911897158022637 35.94711083600331 5.99
      vertex 3.1911897158022637 35.94711083600331 2
    endloop
  endfacet
  facet normal 0 0 1
    outer loop
      vertex 4.65 32.949999999999996 5.99
      vertex 4.654815273327802 33.048017140329556 5.99
      vertex 3.132945806790323 35.93847116824193 5.99
    endloop
  endfacet
  facet normal 0 0 1
    outer loop
      vertex 4.654815273327802 33.048017140329556 5.99
      vertex 4.66921471959677 33.145090322016124 5.99
      vertex 3.132945806790323 35.93847116824193 5.99
    endloop
  endfacet
  facet normal 0 0 1
    outer loop
      vertex 4.66921471959677 33.145090322016124 5.99
      vertex 4.693059664267791 33.24028467725446 5.99
      vertex 3.132945806790323 35.93847116824193 5.99
    endloop
  endfacet
  facet normal 0 0 1
    outer loop
      vertex 4.693059664267791 33.24028467725446 5.99
      vertex 4.7261204674887125 33.33268343236509 5.99
      vertex 3.132945806790323 35.93847116824193 5.99
    endloop
  endfacet
  facet normal 0 0 1
    outer loop
      vertex 4.7261204674887125 33.33268343236509 5.99
      vertex 4.768078735651645 33.421396736826 5.99
      vertex 3.132945806790323 35.93847116824193 5.99
    endloop
  endfacet
  facet normal 0 0 1
    outer loop
      vertex 2.65 35.349999999999994 5.99
      vertex 2.6615288317580617 35.46705419320967 5.99
      vertex 2.6528891639966816 35.40881028419773 5.99
    endloop
  endfacet
  facet normal 0 0 1
    outer loop
      vertex 2.65 35.349999999999994 5.99
      vertex 2.695672280493228 35.579610059419046 5.99
      vertex 2.6615288317580617 35.46705419320967 5.99
    endloop
  endfacet
  facet normal 0 0 1
    outer loop
      vertex 2.6615288317580617 35.46705419320967 5.99
      vertex 2.695672280493228 35.579610059419046 5.99
      vertex 2.6758357985606747 35.52417080635267 5.99
    endloop
  endfacet
  facet normal 0 0 1
    outer loop
      vertex 2.695672280493228 35.579610059419046 5.99
      vertex 2.751118232618473 35.68334213981176 5.99
      vertex 2.7208472413909868 35.63283804209559 5.99
    endloop
  endfacet
  facet normal 0 0 1
    outer loop
      vertex 2.695672280493228 35.579610059419046 5.99
      vertex 2.786193727982358 35.730635970498184 5.99
      vertex 2.751118232618473 35.68334213981176 5.99
    endloop
  endfacet
  facet normal 0 0 1
    outer loop
      vertex 2.695672280493228 35.579610059419046 5.99
      vertex 2.8693640295018126 35.813806272017636 5.99
      vertex 2.786193727982358 35.730635970498184 5.99
    endloop
  endfacet
  facet normal 0 0 1
    outer loop
      vertex 4.768078735651645 33.421396736826 5.99
      vertex 4.818530387697455 33.5055702330196 5.99
      vertex 3.132945806790323 35.93847116824193 5.99
    endloop
  endfacet
  facet normal 0 0 1
    outer loop
      vertex 4.818530387697455 33.5055702330196 5.99
      vertex 4.8769895466372635 33.584393284163646 5.99
      vertex 3.132945806790323 35.93847116824193 5.99
    endloop
  endfacet
  facet normal 0 0 1
    outer loop
      vertex 4.8769895466372635 33.584393284163646 5.99
      vertex 4.9428932188134524 33.65710678118654 5.99
      vertex 3.132945806790323 35.93847116824193 5.99
    endloop
  endfacet
  facet normal 0 0 1
    outer loop
      vertex 4.9428932188134524 33.65710678118654 5.99
      vertex 5.015606715836354 33.72301045336273 5.99
      vertex 3.132945806790323 35.93847116824193 5.99
    endloop
  endfacet
  facet normal 0 0 1
    outer loop
      vertex 5.015606715836354 33.72301045336273 5.99
      vertex 5.094429766980397 33.781469612302544 5.99
      vertex 3.132945806790323 35.93847116824193 5.99
    endloop
  endfacet
  facet normal 0 0 1
    outer loop
      vertex 5.094429766980397 33.781469612302544 5.99
      vertex 5.178603263174002 33.83192126434835 5.99
      vertex 3.132945806790323 35.93847116824193 5.99
    endloop
  endfacet
  facet normal 0 0 1
    outer loop
      vertex 5.178603263174002 33.83192126434835 5.99
      vertex 5.267316567634911 33.87387953251128 5.99
      vertex 3.132945806790323 35.93847116824193 5.99
    endloop
  endfacet
  facet normal 0 0 1
    outer loop
      vertex 5.267316567634911 33.87387953251128 5.99
      vertex 5.359715322745538 33.90694033573221 5.99
      vertex 3.132945806790323 35.93847116824193 5.99
    endloop
  endfacet
  facet normal 0 0 1
    outer loop
      vertex 5.454909677983872 33.93078528040323 5.99
      vertex 5.551982859670439 33.945184726672196 5.99
      vertex 3.132945806790323 35.93847116824193 5.99
    endloop
  endfacet
  facet normal 0 0 1
    outer loop
      vertex 5.359715322745538 33.90694033573221 5.99
      vertex 5.454909677983872 33.93078528040323 5.99
      vertex 3.132945806790323 35.93847116824193 5.99
    endloop
  endfacet
  facet normal 0 0 1
    outer loop
      vertex 5.551982859670439 33.945184726672196 5.99
      vertex 5.65 33.949999999999996 5.99
      vertex 3.132945806790323 35.93847116824193 5.99
    endloop
  endfacet
  facet normal 0 0 1
    outer loop
      vertex 2.695672280493228 35.579610059419046 5.99
      vertex 3.132945806790323 35.93847116824193 5.99
      vertex 2.8693640295018126 35.813806272017636 5.99
    endloop
  endfacet
  facet normal 0 0 1
    outer loop
      vertex 2.786193727982358 35.730635970498184 5.99
      vertex 2.8693640295018126 35.813806272017636 5.99
      vertex 2.8257359312880714 35.77426406871192 5.99
    endloop
  endfacet
  facet normal 0 0 1
    outer loop
      vertex 2.8693640295018126 35.813806272017636 5.99
      vertex 2.9671619579044015 35.87915275860901 5.99
      vertex 2.9166578601882387 35.84888176738152 5.99
    endloop
  endfacet
  facet normal 0 0 1
    outer loop
      vertex 2.8693640295018126 35.813806272017636 5.99
      vertex 3.132945806790323 35.93847116824193 5.99
      vertex 2.9671619579044015 35.87915275860901 5.99
    endloop
  endfacet
  facet normal 0 0 1
    outer loop
      vertex 2.9671619579044015 35.87915275860901 5.99
      vertex 3.132945806790323 35.93847116824193 5.99
      vertex 3.0203899405809462 35.90432771950677 5.99
    endloop
  endfacet
  facet normal 0 0 1
    outer loop
      vertex 3.0203899405809462 35.90432771950677 5.99
      vertex 3.132945806790323 35.93847116824193 5.99
      vertex 3.0758291936473228 35.92416420143932 5.99
    endloop
  endfacet
  facet normal 0 0 1
    outer loop
      vertex 3.132945806790323 35.93847116824193 5.99
      vertex 3.25 35.949999999999996 5.99
      vertex 3.1911897158022637 35.94711083600331 5.99
    endloop
  endfacet
  facet normal 0 1 0
    outer loop
      vertex 3.25 35.949999999999996 5.99
      vertex 155.75 35.949999999999996 2
      vertex 3.25 35.949999999999996 2
    endloop
  endfacet
  facet normal 0 0 1
    outer loop
      vertex 5.65 33.949999999999996 5.99
      vertex 153.35 33.949999999999996 5.99
      vertex 3.132945806790323 35.93847116824193 5.99
    endloop
  endfacet
  facet normal 0 0 1
    outer loop
      vertex 3.132945806790323 35.93847116824193 5.99
      vertex 155.86705419320967 35.93847116824193 5.99
      vertex 3.25 35.949999999999996 5.99
    endloop
  endfacet
  facet normal 0 -1 0
    outer loop
      vertex 155.75 2.65 5.99
      vertex 3.25 2.65 2
      vertex 155.75 2.65 2
    endloop
  endfacet
  facet normal 0 0 1
    outer loop
      vertex 3.25 2.65 5.99
      vertex 155.75 2.65 5.99
      vertex 155.86705419320967 2.6615288317580617 5.99
    endloop
  endfacet
  facet normal 0 0 1
    outer loop
      vertex 5.65 4.65 5.99
      vertex 155.86705419320967 2.6615288317580617 5.99
      vertex 153.35 4.65 5.99
    endloop
  endfacet
  facet normal 0.1467304744553781 -0.9891765099647785 0
    outer loop
      vertex 155.86705419320967 2.6615288317580617 5.99
      vertex 155.80881028419773 2.6528891639966816 2
      vertex 155.86705419320967 2.6615288317580617 2
    endloop
  endfacet
  facet normal 0.049067674327418 -0.9987954562051725 0
    outer loop
      vertex 155.80881028419773 2.6528891639966816 5.99
      vertex 155.75 2.65 2
      vertex 155.80881028419773 2.6528891639966816 2
    endloop
  endfacet
  facet normal 0.24298017990317383 -0.9700312531945666 0
    outer loop
      vertex 155.9241708063527 2.6758357985606747 5.99
      vertex 155.86705419320967 2.6615288317580617 2
      vertex 155.9241708063527 2.6758357985606747 2
    endloop
  endfacet
  facet normal 0.3368898533922658 -0.9415440651830043 0
    outer loop
      vertex 155.97961005941906 2.695672280493228 5.99
      vertex 155.9241708063527 2.6758357985606747 2
      vertex 155.97961005941906 2.695672280493228 2
    endloop
  endfacet
  facet normal 0.42755509343036546 -0.9039892931234039 0
    outer loop
      vertex 156.0328380420956 2.7208472413909868 5.99
      vertex 155.97961005941906 2.695672280493228 2
      vertex 156.0328380420956 2.7208472413909868 2
    endloop
  endfacet
  facet normal 0.5956993044923024 -0.803207531480742 0
    outer loop
      vertex 156.1306359704982 2.786193727982358 5.99
      vertex 156.08334213981175 2.751118232618473 2
      vertex 156.1306359704982 2.786193727982358 2
    endloop
  endfacet
  facet normal 0.5141027441932673 -0.8577286100002447 0
    outer loop
      vertex 156.08334213981175 2.751118232618473 5.99
      vertex 156.0328380420956 2.7208472413909868 2
      vertex 156.08334213981175 2.751118232618473 2
    endloop
  endfacet
  facet normal 0.6715589548471083 -0.7409511253548777 0
    outer loop
      vertex 156.17426406871192 2.8257359312880714 5.99
      vertex 156.1306359704982 2.786193727982358 2
      vertex 156.17426406871192 2.8257359312880714 2
    endloop
  endfacet
  facet normal 0.7409511253548318 -0.6715589548471589 0
    outer loop
      vertex 156.21380627201765 2.8693640295018126 5.99
      vertex 156.17426406871192 2.8257359312880714 2
      vertex 156.21380627201765 2.8693640295018126 2
    endloop
  endfacet
  facet normal 0.8032075314806528 -0.5956993044924226 0
    outer loop
      vertex 156.24888176738153 2.9166578601882387 5.99
      vertex 156.21380627201765 2.8693640295018126 2
      vertex 156.24888176738153 2.9166578601882387 2
    endloop
  endfacet
  facet normal 0.857728610000407 -0.5141027441929966 0
    outer loop
      vertex 156.279152758609 2.9671619579044015 5.99
      vertex 156.24888176738153 2.9166578601882387 2
      vertex 156.279152758609 2.9671619579044015 2
    endloop
  endfacet
  facet normal 0.9039892931233594 -0.42755509343045967 0
    outer loop
      vertex 156.30432771950677 3.0203899405809462 5.99
      vertex 156.279152758609 2.9671619579044015 2
      vertex 156.30432771950677 3.0203899405809462 2
    endloop
  endfacet
  facet normal 0.9415440651830741 -0.33688985339207084 0
    outer loop
      vertex 156.32416420143932 3.0758291936473228 5.99
      vertex 156.30432771950677 3.0203899405809462 2
      vertex 156.32416420143932 3.0758291936473228 2
    endloop
  endfacet
  facet normal 0.9700312531945097 -0.24298017990340112 0
    outer loop
      vertex 156.33847116824194 3.132945806790323 5.99
      vertex 156.32416420143932 3.0758291936473228 2
      vertex 156.33847116824194 3.132945806790323 2
    endloop
  endfacet
  facet normal 0.9891765099648003 -0.14673047445523105 0
    outer loop
      vertex 156.3471108360033 3.1911897158022637 5.99
      vertex 156.33847116824194 3.132945806790323 2
      vertex 156.3471108360033 3.1911897158022637 2
    endloop
  endfacet
  facet normal 0.9987954562051703 -0.04906767432746055 0
    outer loop
      vertex 156.35 3.25 5.99
      vertex 156.3471108360033 3.1911897158022637 2
      vertex 156.35 3.25 2
    endloop
  endfacet
  facet normal 0.049067674327418 -0.9987954562051725 0
    outer loop
      vertex 155.75 2.65 5.99
      vertex 155.75 2.65 2
      vertex 155.80881028419773 2.6528891639966816 5.99
    endloop
  endfacet
  facet normal 0.1467304744553781 -0.9891765099647785 0
    outer loop
      vertex 155.80881028419773 2.6528891639966816 5.99
      vertex 155.80881028419773 2.6528891639966816 2
      vertex 155.86705419320967 2.6615288317580617 5.99
    endloop
  endfacet
  facet normal 0.24298017990317383 -0.9700312531945666 0
    outer loop
      vertex 155.86705419320967 2.6615288317580617 5.99
      vertex 155.86705419320967 2.6615288317580617 2
      vertex 155.9241708063527 2.6758357985606747 5.99
    endloop
  endfacet
  facet normal 0.3368898533922658 -0.9415440651830043 0
    outer loop
      vertex 155.9241708063527 2.6758357985606747 5.99
      vertex 155.9241708063527 2.6758357985606747 2
      vertex 155.97961005941906 2.695672280493228 5.99
    endloop
  endfacet
  facet normal 0.42755509343036546 -0.9039892931234039 0
    outer loop
      vertex 155.97961005941906 2.695672280493228 5.99
      vertex 155.97961005941906 2.695672280493228 2
      vertex 156.0328380420956 2.7208472413909868 5.99
    endloop
  endfacet
  facet normal 0.5141027441932673 -0.8577286100002447 0
    outer loop
      vertex 156.0328380420956 2.7208472413909868 5.99
      vertex 156.0328380420956 2.7208472413909868 2
      vertex 156.08334213981175 2.751118232618473 5.99
    endloop
  endfacet
  facet normal 0.5956993044923024 -0.803207531480742 0
    outer loop
      vertex 156.08334213981175 2.751118232618473 5.99
      vertex 156.08334213981175 2.751118232618473 2
      vertex 156.1306359704982 2.786193727982358 5.99
    endloop
  endfacet
  facet normal 0.6715589548471083 -0.7409511253548777 0
    outer loop
      vertex 156.1306359704982 2.786193727982358 5.99
      vertex 156.1306359704982 2.786193727982358 2
      vertex 156.17426406871192 2.8257359312880714 5.99
    endloop
  endfacet
  facet normal 0.7409511253548318 -0.6715589548471589 0
    outer loop
      vertex 156.17426406871192 2.8257359312880714 5.99
      vertex 156.17426406871192 2.8257359312880714 2
      vertex 156.21380627201765 2.8693640295018126 5.99
    endloop
  endfacet
  facet normal 0.8032075314806528 -0.5956993044924226 0
    outer loop
      vertex 156.21380627201765 2.8693640295018126 5.99
      vertex 156.21380627201765 2.8693640295018126 2
      vertex 156.24888176738153 2.9166578601882387 5.99
    endloop
  endfacet
  facet normal 0.857728610000407 -0.5141027441929966 0
    outer loop
      vertex 156.24888176738153 2.9166578601882387 5.99
      vertex 156.24888176738153 2.9166578601882387 2
      vertex 156.279152758609 2.9671619579044015 5.99
    endloop
  endfacet
  facet normal 0.9039892931233594 -0.42755509343045967 0
    outer loop
      vertex 156.279152758609 2.9671619579044015 5.99
      vertex 156.279152758609 2.9671619579044015 2
      vertex 156.30432771950677 3.0203899405809462 5.99
    endloop
  endfacet
  facet normal 0.9415440651830741 -0.33688985339207084 0
    outer loop
      vertex 156.30432771950677 3.0203899405809462 5.99
      vertex 156.30432771950677 3.0203899405809462 2
      vertex 156.32416420143932 3.0758291936473228 5.99
    endloop
  endfacet
  facet normal 0.9700312531945097 -0.24298017990340112 0
    outer loop
      vertex 156.32416420143932 3.0758291936473228 5.99
      vertex 156.32416420143932 3.0758291936473228 2
      vertex 156.33847116824194 3.132945806790323 5.99
    endloop
  endfacet
  facet normal 0.9891765099648003 -0.14673047445523105 0
    outer loop
      vertex 156.33847116824194 3.132945806790323 5.99
      vertex 156.33847116824194 3.132945806790323 2
      vertex 156.3471108360033 3.1911897158022637 5.99
    endloop
  endfacet
  facet normal 0.9987954562051703 -0.04906767432746055 0
    outer loop
      vertex 156.3471108360033 3.1911897158022637 5.99
      vertex 156.3471108360033 3.1911897158022637 2
      vertex 156.35 3.25 5.99
    endloop
  endfacet
  facet normal 0 0 1
    outer loop
      vertex 155.75 2.65 5.99
      vertex 155.80881028419773 2.6528891639966816 5.99
      vertex 155.86705419320967 2.6615288317580617 5.99
    endloop
  endfacet
  facet normal 0 0 1
    outer loop
      vertex 155.86705419320967 2.6615288317580617 5.99
      vertex 155.9241708063527 2.6758357985606747 5.99
      vertex 155.97961005941906 2.695672280493228 5.99
    endloop
  endfacet
  facet normal 0 0 1
    outer loop
      vertex 155.86705419320967 2.6615288317580617 5.99
      vertex 155.97961005941906 2.695672280493228 5.99
      vertex 156.0328380420956 2.7208472413909868 5.99
    endloop
  endfacet
  facet normal 0 0 1
    outer loop
      vertex 155.86705419320967 2.6615288317580617 5.99
      vertex 156.0328380420956 2.7208472413909868 5.99
      vertex 156.21380627201765 2.8693640295018126 5.99
    endloop
  endfacet
  facet normal 0 0 1
    outer loop
      vertex 156.0328380420956 2.7208472413909868 5.99
      vertex 156.08334213981175 2.751118232618473 5.99
      vertex 156.1306359704982 2.786193727982358 5.99
    endloop
  endfacet
  facet normal 0 0 1
    outer loop
      vertex 156.0328380420956 2.7208472413909868 5.99
      vertex 156.1306359704982 2.786193727982358 5.99
      vertex 156.21380627201765 2.8693640295018126 5.99
    endloop
  endfacet
  facet normal 0 0 1
    outer loop
      vertex 156.1306359704982 2.786193727982358 5.99
      vertex 156.17426406871192 2.8257359312880714 5.99
      vertex 156.21380627201765 2.8693640295018126 5.99
    endloop
  endfacet
  facet normal 0 0 1
    outer loop
      vertex 155.86705419320967 2.6615288317580617 5.99
      vertex 153.44801714032957 4.654815273327802 5.99
      vertex 153.35 4.65 5.99
    endloop
  endfacet
  facet normal 0 0 1
    outer loop
      vertex 155.86705419320967 2.6615288317580617 5.99
      vertex 153.54509032201614 4.66921471959677 5.99
      vertex 153.44801714032957 4.654815273327802 5.99
    endloop
  endfacet
  facet normal 0 0 1
    outer loop
      vertex 155.86705419320967 2.6615288317580617 5.99
      vertex 153.64028467725447 4.693059664267791 5.99
      vertex 153.54509032201614 4.66921471959677 5.99
    endloop
  endfacet
  facet normal 0 0 1
    outer loop
      vertex 155.86705419320967 2.6615288317580617 5.99
      vertex 153.7326834323651 4.7261204674887125 5.99
      vertex 153.64028467725447 4.693059664267791 5.99
    endloop
  endfacet
  facet normal 0 0 1
    outer loop
      vertex 155.86705419320967 2.6615288317580617 5.99
      vertex 153.821396736826 4.768078735651645 5.99
      vertex 153.7326834323651 4.7261204674887125 5.99
    endloop
  endfacet
  facet normal 0 0 1
    outer loop
      vertex 155.86705419320967 2.6615288317580617 5.99
      vertex 153.9055702330196 4.818530387697455 5.99
      vertex 153.821396736826 4.768078735651645 5.99
    endloop
  endfacet
  facet normal 0 0 1
    outer loop
      vertex 155.86705419320967 2.6615288317580617 5.99
      vertex 153.98439328416364 4.8769895466372635 5.99
      vertex 153.9055702330196 4.818530387697455 5.99
    endloop
  endfacet
  facet normal 0 0 1
    outer loop
      vertex 155.86705419320967 2.6615288317580617 5.99
      vertex 154.05710678118655 4.9428932188134524 5.99
      vertex 153.98439328416364 4.8769895466372635 5.99
    endloop
  endfacet
  facet normal 0 0 1
    outer loop
      vertex 155.86705419320967 2.6615288317580617 5.99
      vertex 154.12301045336272 5.015606715836354 5.99
      vertex 154.05710678118655 4.9428932188134524 5.99
    endloop
  endfacet
  facet normal 0 0 1
    outer loop
      vertex 155.86705419320967 2.6615288317580617 5.99
      vertex 154.18146961230255 5.094429766980397 5.99
      vertex 154.12301045336272 5.015606715836354 5.99
    endloop
  endfacet
  facet normal 0 0 1
    outer loop
      vertex 155.86705419320967 2.6615288317580617 5.99
      vertex 154.23192126434836 5.178603263174002 5.99
      vertex 154.18146961230255 5.094429766980397 5.99
    endloop
  endfacet
  facet normal 0 0 1
    outer loop
      vertex 155.86705419320967 2.6615288317580617 5.99
      vertex 156.21380627201765 2.8693640295018126 5.99
      vertex 156.35 3.25 5.99
    endloop
  endfacet
  facet normal 0 0 1
    outer loop
      vertex 156.21380627201765 2.8693640295018126 5.99
      vertex 156.24888176738153 2.9166578601882387 5.99
      vertex 156.30432771950677 3.0203899405809462 5.99
    endloop
  endfacet
  facet normal 0 0 1
    outer loop
      vertex 156.24888176738153 2.9166578601882387 5.99
      vertex 156.279152758609 2.9671619579044015 5.99
      vertex 156.30432771950677 3.0203899405809462 5.99
    endloop
  endfacet
  facet normal 0 0 1
    outer loop
      vertex 156.21380627201765 2.8693640295018126 5.99
      vertex 156.30432771950677 3.0203899405809462 5.99
      vertex 156.35 3.25 5.99
    endloop
  endfacet
  facet normal 0 0 1
    outer loop
      vertex 156.30432771950677 3.0203899405809462 5.99
      vertex 156.32416420143932 3.0758291936473228 5.99
      vertex 156.33847116824194 3.132945806790323 5.99
    endloop
  endfacet
  facet normal 0 0 1
    outer loop
      vertex 156.30432771950677 3.0203899405809462 5.99
      vertex 156.33847116824194 3.132945806790323 5.99
      vertex 156.35 3.25 5.99
    endloop
  endfacet
  facet normal 0 0 1
    outer loop
      vertex 156.33847116824194 3.132945806790323 5.99
      vertex 156.3471108360033 3.1911897158022637 5.99
      vertex 156.35 3.25 5.99
    endloop
  endfacet
  facet normal 0 0 1
    outer loop
      vertex 155.86705419320967 2.6615288317580617 5.99
      vertex 154.27387953251127 5.267316567634911 5.99
      vertex 154.23192126434836 5.178603263174002 5.99
    endloop
  endfacet
  facet normal 0 0 1
    outer loop
      vertex 155.86705419320967 2.6615288317580617 5.99
      vertex 154.3069403357322 5.359715322745538 5.99
      vertex 154.27387953251127 5.267316567634911 5.99
    endloop
  endfacet
  facet normal 0 0 1
    outer loop
      vertex 155.86705419320967 2.6615288317580617 5.99
      vertex 154.33078528040323 5.454909677983872 5.99
      vertex 154.3069403357322 5.359715322745538 5.99
    endloop
  endfacet
  facet normal 0 0 1
    outer loop
      vertex 155.86705419320967 2.6615288317580617 5.99
      vertex 154.3451847266722 5.551982859670439 5.99
      vertex 154.33078528040323 5.454909677983872 5.99
    endloop
  endfacet
  facet normal 1 0 0
    outer loop
      vertex 156.35 3.25 5.99
      vertex 156.35 3.25 2
      vertex 156.35 35.349999999999994 5.99
    endloop
  endfacet
  facet normal 0 0 1
    outer loop
      vertex 155.86705419320967 2.6615288317580617 5.99
      vertex 155.86705419320967 35.93847116824193 5.99
      vertex 154.3451847266722 5.551982859670439 5.99
    endloop
  endfacet
  facet normal 0 0 1
    outer loop
      vertex 155.86705419320967 2.6615288317580617 5.99
      vertex 156.35 3.25 5.99
      vertex 155.86705419320967 35.93847116824193 5.99
    endloop
  endfacet
  facet normal 0 0 1
    outer loop
      vertex 154.3451847266722 5.551982859670439 5.99
      vertex 155.86705419320967 35.93847116824193 5.99
      vertex 154.35 5.65 5.99
    endloop
  endfacet
  facet normal 0 1 0
    outer loop
      vertex 3.25 35.949999999999996 5.99
      vertex 155.75 35.949999999999996 5.99
      vertex 155.75 35.949999999999996 2
    endloop
  endfacet
  facet normal 0 0 1
    outer loop
      vertex 3.132945806790323 35.93847116824193 5.99
      vertex 153.35 33.949999999999996 5.99
      vertex 155.86705419320967 35.93847116824193 5.99
    endloop
  endfacet
  facet normal 0 0 1
    outer loop
      vertex 3.25 35.949999999999996 5.99
      vertex 155.86705419320967 35.93847116824193 5.99
      vertex 155.75 35.949999999999996 5.99
    endloop
  endfacet
  facet normal 1 0 0
    outer loop
      vertex 156.35 35.349999999999994 5.99
      vertex 156.35 3.25 2
      vertex 156.35 35.349999999999994 2
    endloop
  endfacet
  facet normal 0 0 1
    outer loop
      vertex 154.35 5.65 5.99
      vertex 155.86705419320967 35.93847116824193 5.99
      vertex 154.35 32.949999999999996 5.99
    endloop
  endfacet
  facet normal 0 0 1
    outer loop
      vertex 156.35 3.25 5.99
      vertex 156.35 35.349999999999994 5.99
      vertex 155.86705419320967 35.93847116824193 5.99
    endloop
  endfacet
  facet normal 0.9987954562051702 0.049067674327463146 0
    outer loop
      vertex 156.3471108360033 35.40881028419773 5.99
      vertex 156.35 35.349999999999994 2
      vertex 156.3471108360033 35.40881028419773 2
    endloop
  endfacet
  facet normal 0.9891765099648008 0.14673047445522777 0
    outer loop
      vertex 156.33847116824194 35.46705419320967 5.99
      vertex 156.3471108360033 35.40881028419773 2
      vertex 156.33847116824194 35.46705419320967 2
    endloop
  endfacet
  facet normal 0.9700312531945113 0.242980179903394 0
    outer loop
      vertex 156.32416420143932 35.52417080635267 5.99
      vertex 156.33847116824194 35.46705419320967 2
      vertex 156.32416420143932 35.52417080635267 2
    endloop
  endfacet
  facet normal 0.9415440651830708 0.33688985339208044 0
    outer loop
      vertex 156.30432771950677 35.579610059419046 5.99
      vertex 156.32416420143932 35.52417080635267 2
      vertex 156.30432771950677 35.579610059419046 2
    endloop
  endfacet
  facet normal 0.9039892931233635 0.42755509343045095 0
    outer loop
      vertex 156.279152758609 35.63283804209559 5.99
      vertex 156.30432771950677 35.579610059419046 2
      vertex 156.279152758609 35.63283804209559 2
    endloop
  endfacet
  facet normal 0.8577286100004129 0.5141027441929866 0
    outer loop
      vertex 156.24888176738153 35.68334213981176 5.99
      vertex 156.279152758609 35.63283804209559 2
      vertex 156.24888176738153 35.68334213981176 2
    endloop
  endfacet
  facet normal 0.8032075314806636 0.5956993044924082 0
    outer loop
      vertex 156.21380627201765 35.730635970498184 5.99
      vertex 156.24888176738153 35.68334213981176 2
      vertex 156.21380627201765 35.730635970498184 2
    endloop
  endfacet
  facet normal 0.3368898533922257 0.9415440651830188 0
    outer loop
      vertex 155.9241708063527 35.92416420143932 5.99
      vertex 155.97961005941906 35.90432771950677 2
      vertex 155.9241708063527 35.92416420143932 2
    endloop
  endfacet
  facet normal 0.427555093430347 0.9039892931234126 0
    outer loop
      vertex 155.97961005941906 35.90432771950677 5.99
      vertex 156.0328380420956 35.87915275860901 2
      vertex 155.97961005941906 35.90432771950677 2
    endloop
  endfacet
  facet normal 0.7409511253548046 0.6715589548471889 0
    outer loop
      vertex 156.17426406871192 35.77426406871192 5.99
      vertex 156.21380627201765 35.730635970498184 2
      vertex 156.17426406871192 35.77426406871192 2
    endloop
  endfacet
  facet normal 0.6715589548471165 0.7409511253548703 0
    outer loop
      vertex 156.1306359704982 35.813806272017636 5.99
      vertex 156.17426406871192 35.77426406871192 2
      vertex 156.1306359704982 35.813806272017636 2
    endloop
  endfacet
  facet normal 0.5956993044922927 0.8032075314807493 0
    outer loop
      vertex 156.08334213981175 35.84888176738152 5.99
      vertex 156.1306359704982 35.813806272017636 2
      vertex 156.08334213981175 35.84888176738152 2
    endloop
  endfacet
  facet normal 0.5141027441933063 0.8577286100002215 0
    outer loop
      vertex 156.0328380420956 35.87915275860901 5.99
      vertex 156.08334213981175 35.84888176738152 2
      vertex 156.0328380420956 35.87915275860901 2
    endloop
  endfacet
  facet normal 0.049067674327463146 0.9987954562051702 0
    outer loop
      vertex 155.75 35.949999999999996 5.99
      vertex 155.80881028419773 35.94711083600331 2
      vertex 155.75 35.949999999999996 2
    endloop
  endfacet
  facet normal 0.14673047445536339 0.9891765099647807 0
    outer loop
      vertex 155.80881028419773 35.94711083600331 5.99
      vertex 155.86705419320967 35.93847116824193 2
      vertex 155.80881028419773 35.94711083600331 2
    endloop
  endfacet
  facet normal 0.24298017990319515 0.9700312531945613 0
    outer loop
      vertex 155.86705419320967 35.93847116824193 5.99
      vertex 155.9241708063527 35.92416420143932 2
      vertex 155.86705419320967 35.93847116824193 2
    endloop
  endfacet
  facet normal 0.9987954562051702 0.049067674327463146 0
    outer loop
      vertex 156.35 35.349999999999994 5.99
      vertex 156.35 35.349999999999994 2
      vertex 156.3471108360033 35.40881028419773 5.99
    endloop
  endfacet
  facet normal 0.9891765099648008 0.14673047445522777 0
    outer loop
      vertex 156.3471108360033 35.40881028419773 5.99
      vertex 156.3471108360033 35.40881028419773 2
      vertex 156.33847116824194 35.46705419320967 5.99
    endloop
  endfacet
  facet normal 0.9700312531945113 0.242980179903394 0
    outer loop
      vertex 156.33847116824194 35.46705419320967 5.99
      vertex 156.33847116824194 35.46705419320967 2
      vertex 156.32416420143932 35.52417080635267 5.99
    endloop
  endfacet
  facet normal 0.9415440651830708 0.33688985339208044 0
    outer loop
      vertex 156.32416420143932 35.52417080635267 5.99
      vertex 156.32416420143932 35.52417080635267 2
      vertex 156.30432771950677 35.579610059419046 5.99
    endloop
  endfacet
  facet normal 0.9039892931233635 0.42755509343045095 0
    outer loop
      vertex 156.30432771950677 35.579610059419046 5.99
      vertex 156.30432771950677 35.579610059419046 2
      vertex 156.279152758609 35.63283804209559 5.99
    endloop
  endfacet
  facet normal 0.8577286100004129 0.5141027441929866 0
    outer loop
      vertex 156.279152758609 35.63283804209559 5.99
      vertex 156.279152758609 35.63283804209559 2
      vertex 156.24888176738153 35.68334213981176 5.99
    endloop
  endfacet
  facet normal 0.8032075314806636 0.5956993044924082 0
    outer loop
      vertex 156.24888176738153 35.68334213981176 5.99
      vertex 156.24888176738153 35.68334213981176 2
      vertex 156.21380627201765 35.730635970498184 5.99
    endloop
  endfacet
  facet normal 0.3368898533922257 0.9415440651830188 0
    outer loop
      vertex 155.97961005941906 35.90432771950677 5.99
      vertex 155.97961005941906 35.90432771950677 2
      vertex 155.9241708063527 35.92416420143932 5.99
    endloop
  endfacet
  facet normal 0.427555093430347 0.9039892931234126 0
    outer loop
      vertex 156.0328380420956 35.87915275860901 5.99
      vertex 156.0328380420956 35.87915275860901 2
      vertex 155.97961005941906 35.90432771950677 5.99
    endloop
  endfacet
  facet normal 0.7409511253548046 0.6715589548471889 0
    outer loop
      vertex 156.21380627201765 35.730635970498184 5.99
      vertex 156.21380627201765 35.730635970498184 2
      vertex 156.17426406871192 35.77426406871192 5.99
    endloop
  endfacet
  facet normal 0.6715589548471165 0.7409511253548703 0
    outer loop
      vertex 156.17426406871192 35.77426406871192 5.99
      vertex 156.17426406871192 35.77426406871192 2
      vertex 156.1306359704982 35.813806272017636 5.99
    endloop
  endfacet
  facet normal 0.5141027441933063 0.8577286100002215 1.7678789487523516e-19
    outer loop
      vertex 156.0328380420956 35.87915275860901 5.99
      vertex 156.08334213981175 35.84888176738152 5.99
      vertex 156.08334213981175 35.84888176738152 2
    endloop
  endfacet
  facet normal 0.5956993044922927 0.8032075314807493 0
    outer loop
      vertex 156.1306359704982 35.813806272017636 5.99
      vertex 156.1306359704982 35.813806272017636 2
      vertex 156.08334213981175 35.84888176738152 5.99
    endloop
  endfacet
  facet normal 0.14673047445536339 0.9891765099647807 2.4363203532647116e-20
    outer loop
      vertex 155.80881028419773 35.94711083600331 5.99
      vertex 155.86705419320967 35.93847116824193 5.99
      vertex 155.86705419320967 35.93847116824193 2
    endloop
  endfacet
  facet normal 0.049067674327463146 0.9987954562051702 1.7301326823377874e-20
    outer loop
      vertex 155.75 35.949999999999996 5.99
      vertex 155.80881028419773 35.94711083600331 5.99
      vertex 155.80881028419773 35.94711083600331 2
    endloop
  endfacet
  facet normal 0.24298017990319515 0.9700312531945613 -1.2700505480909157e-19
    outer loop
      vertex 155.86705419320967 35.93847116824193 5.99
      vertex 155.9241708063527 35.92416420143932 5.99
      vertex 155.9241708063527 35.92416420143932 2
    endloop
  endfacet
  facet normal 0 0 1
    outer loop
      vertex 154.35 32.949999999999996 5.99
      vertex 155.86705419320967 35.93847116824193 5.99
      vertex 154.3451847266722 33.048017140329556 5.99
    endloop
  endfacet
  facet normal 0 0 1
    outer loop
      vertex 154.3451847266722 33.048017140329556 5.99
      vertex 155.86705419320967 35.93847116824193 5.99
      vertex 154.33078528040323 33.145090322016124 5.99
    endloop
  endfacet
  facet normal 0 0 1
    outer loop
      vertex 154.33078528040323 33.145090322016124 5.99
      vertex 155.86705419320967 35.93847116824193 5.99
      vertex 154.3069403357322 33.24028467725446 5.99
    endloop
  endfacet
  facet normal 0 0 1
    outer loop
      vertex 154.3069403357322 33.24028467725446 5.99
      vertex 155.86705419320967 35.93847116824193 5.99
      vertex 154.27387953251127 33.33268343236509 5.99
    endloop
  endfacet
  facet normal 0 0 1
    outer loop
      vertex 154.27387953251127 33.33268343236509 5.99
      vertex 155.86705419320967 35.93847116824193 5.99
      vertex 154.23192126434836 33.421396736826 5.99
    endloop
  endfacet
  facet normal 0 0 1
    outer loop
      vertex 153.54509032201614 33.93078528040323 5.99
      vertex 155.86705419320967 35.93847116824193 5.99
      vertex 153.44801714032957 33.945184726672196 5.99
    endloop
  endfacet
  facet normal 0 0 1
    outer loop
      vertex 153.54509032201614 33.93078528040323 5.99
      vertex 153.64028467725447 33.90694033573221 5.99
      vertex 155.86705419320967 35.93847116824193 5.99
    endloop
  endfacet
  facet normal 0 0 1
    outer loop
      vertex 153.35 33.949999999999996 5.99
      vertex 153.44801714032957 33.945184726672196 5.99
      vertex 155.86705419320967 35.93847116824193 5.99
    endloop
  endfacet
  facet normal 0 0 1
    outer loop
      vertex 154.18146961230255 33.5055702330196 5.99
      vertex 155.86705419320967 35.93847116824193 5.99
      vertex 154.12301045336272 33.584393284163646 5.99
    endloop
  endfacet
  facet normal 0 0 1
    outer loop
      vertex 154.12301045336272 33.584393284163646 5.99
      vertex 155.86705419320967 35.93847116824193 5.99
      vertex 154.05710678118655 33.65710678118654 5.99
    endloop
  endfacet
  facet normal 0 0 1
    outer loop
      vertex 154.23192126434836 33.421396736826 5.99
      vertex 155.86705419320967 35.93847116824193 5.99
      vertex 154.18146961230255 33.5055702330196 5.99
    endloop
  endfacet
  facet normal 0 0 1
    outer loop
      vertex 153.9055702330196 33.781469612302544 5.99
      vertex 155.86705419320967 35.93847116824193 5.99
      vertex 153.821396736826 33.83192126434835 5.99
    endloop
  endfacet
  facet normal 0 0 1
    outer loop
      vertex 154.05710678118655 33.65710678118654 5.99
      vertex 155.86705419320967 35.93847116824193 5.99
      vertex 153.98439328416364 33.72301045336273 5.99
    endloop
  endfacet
  facet normal 0 0 1
    outer loop
      vertex 153.9055702330196 33.781469612302544 5.99
      vertex 153.98439328416364 33.72301045336273 5.99
      vertex 155.86705419320967 35.93847116824193 5.99
    endloop
  endfacet
  facet normal 0 0 1
    outer loop
      vertex 153.821396736826 33.83192126434835 5.99
      vertex 155.86705419320967 35.93847116824193 5.99
      vertex 153.7326834323651 33.87387953251128 5.99
    endloop
  endfacet
  facet normal 0 0 1
    outer loop
      vertex 153.64028467725447 33.90694033573221 5.99
      vertex 153.7326834323651 33.87387953251128 5.99
      vertex 155.86705419320967 35.93847116824193 5.99
    endloop
  endfacet
  facet normal 0 0 1
    outer loop
      vertex 156.35 35.349999999999994 5.99
      vertex 156.3471108360033 35.40881028419773 5.99
      vertex 156.32416420143932 35.52417080635267 5.99
    endloop
  endfacet
  facet normal 0 0 1
    outer loop
      vertex 156.3471108360033 35.40881028419773 5.99
      vertex 156.33847116824194 35.46705419320967 5.99
      vertex 156.32416420143932 35.52417080635267 5.99
    endloop
  endfacet
  facet normal 0 0 1
    outer loop
      vertex 156.35 35.349999999999994 5.99
      vertex 156.32416420143932 35.52417080635267 5.99
      vertex 155.86705419320967 35.93847116824193 5.99
    endloop
  endfacet
  facet normal 0 0 1
    outer loop
      vertex 156.32416420143932 35.52417080635267 5.99
      vertex 156.30432771950677 35.579610059419046 5.99
      vertex 156.279152758609 35.63283804209559 5.99
    endloop
  endfacet
  facet normal 0 0 1
    outer loop
      vertex 156.32416420143932 35.52417080635267 5.99
      vertex 156.279152758609 35.63283804209559 5.99
      vertex 156.21380627201765 35.730635970498184 5.99
    endloop
  endfacet
  facet normal 0 0 1
    outer loop
      vertex 156.32416420143932 35.52417080635267 5.99
      vertex 156.21380627201765 35.730635970498184 5.99
      vertex 156.08334213981175 35.84888176738152 5.99
    endloop
  endfacet
  facet normal 0 0 1
    outer loop
      vertex 156.279152758609 35.63283804209559 5.99
      vertex 156.24888176738153 35.68334213981176 5.99
      vertex 156.21380627201765 35.730635970498184 5.99
    endloop
  endfacet
  facet normal 0 0 1
    outer loop
      vertex 156.0328380420956 35.87915275860901 5.99
      vertex 155.9241708063527 35.92416420143932 5.99
      vertex 156.08334213981175 35.84888176738152 5.99
    endloop
  endfacet
  facet normal 0 0 1
    outer loop
      vertex 155.86705419320967 35.93847116824193 5.99
      vertex 156.08334213981175 35.84888176738152 5.99
      vertex 155.9241708063527 35.92416420143932 5.99
    endloop
  endfacet
  facet normal 0 0 1
    outer loop
      vertex 156.0328380420956 35.87915275860901 5.99
      vertex 155.97961005941906 35.90432771950677 5.99
      vertex 155.9241708063527 35.92416420143932 5.99
    endloop
  endfacet
  facet normal 0 0 1
    outer loop
      vertex 156.32416420143932 35.52417080635267 5.99
      vertex 156.08334213981175 35.84888176738152 5.99
      vertex 155.86705419320967 35.93847116824193 5.99
    endloop
  endfacet
  facet normal 0 0 1
    outer loop
      vertex 156.21380627201765 35.730635970498184 5.99
      vertex 156.17426406871192 35.77426406871192 5.99
      vertex 156.08334213981175 35.84888176738152 5.99
    endloop
  endfacet
  facet normal 0 0 1
    outer loop
      vertex 156.17426406871192 35.77426406871192 5.99
      vertex 156.1306359704982 35.813806272017636 5.99
      vertex 156.08334213981175 35.84888176738152 5.99
    endloop
  endfacet
  facet normal 0 0 1
    outer loop
      vertex 155.75 35.949999999999996 5.99
      vertex 155.86705419320967 35.93847116824193 5.99
      vertex 155.80881028419773 35.94711083600331 5.99
    endloop
  endfacet
  facet normal 0.24298017990325776 0.9700312531945455 0
    outer loop
      vertex 5.359715322745538 4.693059664267791 5.99
      vertex 5.454909677983872 4.66921471959677 2
      vertex 5.359715322745538 4.693059664267791 2
    endloop
  endfacet
  facet normal 0.3368898533922153 0.9415440651830225 0
    outer loop
      vertex 5.267316567634911 4.7261204674887125 5.99
      vertex 5.359715322745538 4.693059664267791 2
      vertex 5.267316567634911 4.7261204674887125 2
    endloop
  endfacet
  facet normal 0.1467304744553756 0.9891765099647789 0
    outer loop
      vertex 5.454909677983872 4.66921471959677 5.99
      vertex 5.551982859670439 4.654815273327802 2
      vertex 5.454909677983872 4.66921471959677 2
    endloop
  endfacet
  facet normal 0.04906767432740572 0.9987954562051731 0
    outer loop
      vertex 5.551982859670439 4.654815273327802 5.99
      vertex 5.65 4.65 2
      vertex 5.551982859670439 4.654815273327802 2
    endloop
  endfacet
  facet normal 0.4275550934302903 0.9039892931234393 0
    outer loop
      vertex 5.178603263174002 4.768078735651645 5.99
      vertex 5.267316567634911 4.7261204674887125 2
      vertex 5.178603263174002 4.768078735651645 2
    endloop
  endfacet
  facet normal 0.5141027441932143 0.8577286100002766 0
    outer loop
      vertex 5.094429766980397 4.818530387697455 5.99
      vertex 5.178603263174002 4.768078735651645 2
      vertex 5.094429766980397 4.818530387697455 2
    endloop
  endfacet
  facet normal 0.5956993044924362 0.8032075314806428 0
    outer loop
      vertex 5.015606715836354 4.8769895466372635 5.99
      vertex 5.094429766980397 4.818530387697455 2
      vertex 5.015606715836354 4.8769895466372635 2
    endloop
  endfacet
  facet normal 0.6715589548470194 0.7409511253549582 0
    outer loop
      vertex 4.9428932188134524 4.9428932188134524 5.99
      vertex 5.015606715836354 4.8769895466372635 2
      vertex 4.9428932188134524 4.9428932188134524 2
    endloop
  endfacet
  facet normal 0.7409511253549582 0.6715589548470194 0
    outer loop
      vertex 4.8769895466372635 5.015606715836354 5.99
      vertex 4.9428932188134524 4.9428932188134524 2
      vertex 4.8769895466372635 5.015606715836354 2
    endloop
  endfacet
  facet normal 0.8032075314806428 0.5956993044924362 0
    outer loop
      vertex 4.818530387697455 5.094429766980397 5.99
      vertex 4.8769895466372635 5.015606715836354 2
      vertex 4.818530387697455 5.094429766980397 2
    endloop
  endfacet
  facet normal 0.8577286100002766 0.5141027441932143 0
    outer loop
      vertex 4.768078735651645 5.178603263174002 5.99
      vertex 4.818530387697455 5.094429766980397 2
      vertex 4.768078735651645 5.178603263174002 2
    endloop
  endfacet
  facet normal 0.9039892931234393 0.4275550934302903 0
    outer loop
      vertex 4.7261204674887125 5.267316567634911 5.99
      vertex 4.768078735651645 5.178603263174002 2
      vertex 4.7261204674887125 5.267316567634911 2
    endloop
  endfacet
  facet normal 0.9415440651830225 0.3368898533922153 0
    outer loop
      vertex 4.693059664267791 5.359715322745538 5.99
      vertex 4.7261204674887125 5.267316567634911 2
      vertex 4.693059664267791 5.359715322745538 2
    endloop
  endfacet
  facet normal 0.9700312531945455 0.24298017990325776 0
    outer loop
      vertex 4.66921471959677 5.454909677983872 5.99
      vertex 4.693059664267791 5.359715322745538 2
      vertex 4.66921471959677 5.454909677983872 2
    endloop
  endfacet
  facet normal 0.9891765099647789 0.1467304744553756 0
    outer loop
      vertex 4.654815273327802 5.551982859670439 5.99
      vertex 4.66921471959677 5.454909677983872 2
      vertex 4.654815273327802 5.551982859670439 2
    endloop
  endfacet
  facet normal 0.9987954562051731 0.04906767432740572 0
    outer loop
      vertex 4.65 5.65 5.99
      vertex 4.654815273327802 5.551982859670439 2
      vertex 4.65 5.65 2
    endloop
  endfacet
  facet normal 0.3368898533922153 0.9415440651830225 1.9154878413247437e-20
    outer loop
      vertex 5.267316567634911 4.7261204674887125 5.99
      vertex 5.359715322745538 4.693059664267791 5.99
      vertex 5.359715322745538 4.693059664267791 2
    endloop
  endfacet
  facet normal 0.1467304744553756 0.9891765099647789 0
    outer loop
      vertex 5.551982859670439 4.654815273327802 5.99
      vertex 5.551982859670439 4.654815273327802 2
      vertex 5.454909677983872 4.66921471959677 5.99
    endloop
  endfacet
  facet normal 0.24298017990325776 0.9700312531945455 -6.317323953899743e-21
    outer loop
      vertex 5.359715322745538 4.693059664267791 5.99
      vertex 5.454909677983872 4.66921471959677 5.99
      vertex 5.454909677983872 4.66921471959677 2
    endloop
  endfacet
  facet normal 0.04906767432740572 0.9987954562051731 -4.610890305911264e-21
    outer loop
      vertex 5.551982859670439 4.654815273327802 5.99
      vertex 5.65 4.65 5.99
      vertex 5.65 4.65 2
    endloop
  endfacet
  facet normal 0.4275550934302903 0.9039892931234393 0
    outer loop
      vertex 5.267316567634911 4.7261204674887125 5.99
      vertex 5.267316567634911 4.7261204674887125 2
      vertex 5.178603263174002 4.768078735651645 5.99
    endloop
  endfacet
  facet normal 0.5141027441932143 0.8577286100002766 0
    outer loop
      vertex 5.178603263174002 4.768078735651645 5.99
      vertex 5.178603263174002 4.768078735651645 2
      vertex 5.094429766980397 4.818530387697455 5.99
    endloop
  endfacet
  facet normal 0.5956993044924362 0.8032075314806428 4.913993253953579e-19
    outer loop
      vertex 5.015606715836354 4.8769895466372635 5.99
      vertex 5.094429766980397 4.818530387697455 5.99
      vertex 5.094429766980397 4.818530387697455 2
    endloop
  endfacet
  facet normal 0.6715589548470194 0.7409511253549582 0
    outer loop
      vertex 5.015606715836354 4.8769895466372635 5.99
      vertex 5.015606715836354 4.8769895466372635 2
      vertex 4.9428932188134524 4.9428932188134524 5.99
    endloop
  endfacet
  facet normal 0.7409511253549582 0.6715589548470194 0
    outer loop
      vertex 4.9428932188134524 4.9428932188134524 5.99
      vertex 4.9428932188134524 4.9428932188134524 2
      vertex 4.8769895466372635 5.015606715836354 5.99
    endloop
  endfacet
  facet normal 0.8032075314806428 0.5956993044924362 0
    outer loop
      vertex 4.8769895466372635 5.015606715836354 5.99
      vertex 4.8769895466372635 5.015606715836354 2
      vertex 4.818530387697455 5.094429766980397 5.99
    endloop
  endfacet
  facet normal 0.8577286100002766 0.5141027441932143 0
    outer loop
      vertex 4.818530387697455 5.094429766980397 5.99
      vertex 4.818530387697455 5.094429766980397 2
      vertex 4.768078735651645 5.178603263174002 5.99
    endloop
  endfacet
  facet normal 0.9039892931234393 0.4275550934302903 0
    outer loop
      vertex 4.768078735651645 5.178603263174002 5.99
      vertex 4.768078735651645 5.178603263174002 2
      vertex 4.7261204674887125 5.267316567634911 5.99
    endloop
  endfacet
  facet normal 0.9415440651830225 0.3368898533922153 0
    outer loop
      vertex 4.7261204674887125 5.267316567634911 5.99
      vertex 4.7261204674887125 5.267316567634911 2
      vertex 4.693059664267791 5.359715322745538 5.99
    endloop
  endfacet
  facet normal 0.9700312531945455 0.24298017990325776 0
    outer loop
      vertex 4.693059664267791 5.359715322745538 5.99
      vertex 4.693059664267791 5.359715322745538 2
      vertex 4.66921471959677 5.454909677983872 5.99
    endloop
  endfacet
  facet normal 0.9891765099647789 0.1467304744553756 0
    outer loop
      vertex 4.66921471959677 5.454909677983872 5.99
      vertex 4.66921471959677 5.454909677983872 2
      vertex 4.654815273327802 5.551982859670439 5.99
    endloop
  endfacet
  facet normal 0.9987954562051731 0.04906767432740572 0
    outer loop
      vertex 4.654815273327802 5.551982859670439 5.99
      vertex 4.654815273327802 5.551982859670439 2
      vertex 4.65 5.65 5.99
    endloop
  endfacet
  facet normal 1 0 0
    outer loop
      vertex 4.65 5.65 5.99
      vertex 4.65 5.65 2
      vertex 4.65 32.949999999999996 5.99
    endloop
  endfacet
  facet normal 0 1 0
    outer loop
      vertex 5.65 4.65 5.99
      vertex 153.35 4.65 2
      vertex 5.65 4.65 2
    endloop
  endfacet
  facet normal 1 0 0
    outer loop
      vertex 4.65 32.949999999999996 5.99
      vertex 4.65 5.65 2
      vertex 4.65 32.949999999999996 2
    endloop
  endfacet
  facet normal 0.9987954562051731 -0.04906767432740661 0
    outer loop
      vertex 4.654815273327802 33.048017140329556 5.99
      vertex 4.65 32.949999999999996 2
      vertex 4.654815273327802 33.048017140329556 2
    endloop
  endfacet
  facet normal 0.9891765099647793 -0.14673047445537296 0
    outer loop
      vertex 4.66921471959677 33.145090322016124 5.99
      vertex 4.654815273327802 33.048017140329556 2
      vertex 4.66921471959677 33.145090322016124 2
    endloop
  endfacet
  facet normal 0.9700312531945455 -0.24298017990325776 0
    outer loop
      vertex 4.693059664267791 33.24028467725446 5.99
      vertex 4.66921471959677 33.145090322016124 2
      vertex 4.693059664267791 33.24028467725446 2
    endloop
  endfacet
  facet normal 0.9415440651830245 -0.33688985339220956 0
    outer loop
      vertex 4.7261204674887125 33.33268343236509 5.99
      vertex 4.693059664267791 33.24028467725446 2
      vertex 4.7261204674887125 33.33268343236509 2
    endloop
  endfacet
  facet normal 0.9039892931234428 -0.4275550934302833 0
    outer loop
      vertex 4.768078735651645 33.421396736826 5.99
      vertex 4.7261204674887125 33.33268343236509 2
      vertex 4.768078735651645 33.421396736826 2
    endloop
  endfacet
  facet normal 0.8577286100002621 -0.5141027441932382 0
    outer loop
      vertex 4.818530387697455 33.5055702330196 5.99
      vertex 4.768078735651645 33.421396736826 2
      vertex 4.818530387697455 33.5055702330196 2
    endloop
  endfacet
  facet normal 0.803207531480662 -0.5956993044924102 0
    outer loop
      vertex 4.8769895466372635 33.584393284163646 5.99
      vertex 4.818530387697455 33.5055702330196 2
      vertex 4.8769895466372635 33.584393284163646 2
    endloop
  endfacet
  facet normal 0.7409511253549336 -0.6715589548470465 0
    outer loop
      vertex 4.9428932188134524 33.65710678118654 5.99
      vertex 4.8769895466372635 33.584393284163646 2
      vertex 4.9428932188134524 33.65710678118654 2
    endloop
  endfacet
  facet normal 0.6715589548470293 -0.7409511253549491 0
    outer loop
      vertex 5.015606715836354 33.72301045336273 5.99
      vertex 4.9428932188134524 33.65710678118654 2
      vertex 5.015606715836354 33.72301045336273 2
    endloop
  endfacet
  facet normal 0.5956993044924537 -0.8032075314806298 0
    outer loop
      vertex 5.094429766980397 33.781469612302544 5.99
      vertex 5.015606715836354 33.72301045336273 2
      vertex 5.094429766980397 33.781469612302544 2
    endloop
  endfacet
  facet normal 0.5141027441932077 -0.8577286100002806 0
    outer loop
      vertex 5.178603263174002 33.83192126434835 5.99
      vertex 5.094429766980397 33.781469612302544 2
      vertex 5.178603263174002 33.83192126434835 2
    endloop
  endfacet
  facet normal 0.42755509343026066 -0.9039892931234533 0
    outer loop
      vertex 5.267316567634911 33.87387953251128 5.99
      vertex 5.178603263174002 33.83192126434835 2
      vertex 5.267316567634911 33.87387953251128 2
    endloop
  endfacet
  facet normal 0.33688985339226346 -0.9415440651830053 0
    outer loop
      vertex 5.359715322745538 33.90694033573221 5.99
      vertex 5.267316567634911 33.87387953251128 2
      vertex 5.359715322745538 33.90694033573221 2
    endloop
  endfacet
  facet normal 0.24298017990324072 -0.9700312531945499 0
    outer loop
      vertex 5.454909677983872 33.93078528040323 5.99
      vertex 5.359715322745538 33.90694033573221 2
      vertex 5.454909677983872 33.93078528040323 2
    endloop
  endfacet
  facet normal 0.1467304744553756 -0.9891765099647789 0
    outer loop
      vertex 5.551982859670439 33.945184726672196 5.99
      vertex 5.454909677983872 33.93078528040323 2
      vertex 5.551982859670439 33.945184726672196 2
    endloop
  endfacet
  facet normal 0.04906767432738766 -0.9987954562051738 0
    outer loop
      vertex 5.65 33.949999999999996 5.99
      vertex 5.551982859670439 33.945184726672196 2
      vertex 5.65 33.949999999999996 2
    endloop
  endfacet
  facet normal 0.9987954562051731 -0.04906767432740661 0
    outer loop
      vertex 4.65 32.949999999999996 5.99
      vertex 4.65 32.949999999999996 2
      vertex 4.654815273327802 33.048017140329556 5.99
    endloop
  endfacet
  facet normal 0.9891765099647793 -0.14673047445537296 0
    outer loop
      vertex 4.654815273327802 33.048017140329556 5.99
      vertex 4.654815273327802 33.048017140329556 2
      vertex 4.66921471959677 33.145090322016124 5.99
    endloop
  endfacet
  facet normal 0.9700312531945455 -0.24298017990325776 0
    outer loop
      vertex 4.66921471959677 33.145090322016124 5.99
      vertex 4.66921471959677 33.145090322016124 2
      vertex 4.693059664267791 33.24028467725446 5.99
    endloop
  endfacet
  facet normal 0.9415440651830245 -0.33688985339220956 0
    outer loop
      vertex 4.693059664267791 33.24028467725446 5.99
      vertex 4.693059664267791 33.24028467725446 2
      vertex 4.7261204674887125 33.33268343236509 5.99
    endloop
  endfacet
  facet normal 0.9039892931234428 -0.4275550934302833 0
    outer loop
      vertex 4.7261204674887125 33.33268343236509 5.99
      vertex 4.7261204674887125 33.33268343236509 2
      vertex 4.768078735651645 33.421396736826 5.99
    endloop
  endfacet
  facet normal 0.8577286100002621 -0.5141027441932382 0
    outer loop
      vertex 4.768078735651645 33.421396736826 5.99
      vertex 4.768078735651645 33.421396736826 2
      vertex 4.818530387697455 33.5055702330196 5.99
    endloop
  endfacet
  facet normal 0.803207531480662 -0.5956993044924102 0
    outer loop
      vertex 4.818530387697455 33.5055702330196 5.99
      vertex 4.818530387697455 33.5055702330196 2
      vertex 4.8769895466372635 33.584393284163646 5.99
    endloop
  endfacet
  facet normal 0.7409511253549336 -0.6715589548470465 0
    outer loop
      vertex 4.8769895466372635 33.584393284163646 5.99
      vertex 4.8769895466372635 33.584393284163646 2
      vertex 4.9428932188134524 33.65710678118654 5.99
    endloop
  endfacet
  facet normal 0.6715589548470293 -0.7409511253549491 0
    outer loop
      vertex 4.9428932188134524 33.65710678118654 5.99
      vertex 4.9428932188134524 33.65710678118654 2
      vertex 5.015606715836354 33.72301045336273 5.99
    endloop
  endfacet
  facet normal 0.5956993044924537 -0.8032075314806298 0
    outer loop
      vertex 5.015606715836354 33.72301045336273 5.99
      vertex 5.015606715836354 33.72301045336273 2
      vertex 5.094429766980397 33.781469612302544 5.99
    endloop
  endfacet
  facet normal 0.5141027441932077 -0.8577286100002806 0
    outer loop
      vertex 5.094429766980397 33.781469612302544 5.99
      vertex 5.094429766980397 33.781469612302544 2
      vertex 5.178603263174002 33.83192126434835 5.99
    endloop
  endfacet
  facet normal 0.42755509343026066 -0.9039892931234533 0
    outer loop
      vertex 5.178603263174002 33.83192126434835 5.99
      vertex 5.178603263174002 33.83192126434835 2
      vertex 5.267316567634911 33.87387953251128 5.99
    endloop
  endfacet
  facet normal 0.33688985339226346 -0.9415440651830053 0
    outer loop
      vertex 5.267316567634911 33.87387953251128 5.99
      vertex 5.267316567634911 33.87387953251128 2
      vertex 5.359715322745538 33.90694033573221 5.99
    endloop
  endfacet
  facet normal 0.24298017990324072 -0.9700312531945499 0
    outer loop
      vertex 5.359715322745538 33.90694033573221 5.99
      vertex 5.359715322745538 33.90694033573221 2
      vertex 5.454909677983872 33.93078528040323 5.99
    endloop
  endfacet
  facet normal 0.1467304744553756 -0.9891765099647789 0
    outer loop
      vertex 5.454909677983872 33.93078528040323 5.99
      vertex 5.454909677983872 33.93078528040323 2
      vertex 5.551982859670439 33.945184726672196 5.99
    endloop
  endfacet
  facet normal 0.04906767432738766 -0.9987954562051738 0
    outer loop
      vertex 5.551982859670439 33.945184726672196 5.99
      vertex 5.551982859670439 33.945184726672196 2
      vertex 5.65 33.949999999999996 5.99
    endloop
  endfacet
  facet normal 0 -1 0
    outer loop
      vertex 5.65 33.949999999999996 5.99
      vertex 5.65 33.949999999999996 2
      vertex 153.35 33.949999999999996 5.99
    endloop
  endfacet
  facet normal 0 1 0
    outer loop
      vertex 5.65 4.65 5.99
      vertex 153.35 4.65 5.99
      vertex 153.35 4.65 2
    endloop
  endfacet
  facet normal -0.04906767432739951 0.9987954562051733 0
    outer loop
      vertex 153.35 4.65 5.99
      vertex 153.44801714032957 4.654815273327802 2
      vertex 153.35 4.65 2
    endloop
  endfacet
  facet normal -0.14673047445537296 0.9891765099647793 0
    outer loop
      vertex 153.44801714032957 4.654815273327802 5.99
      vertex 153.54509032201614 4.66921471959677 2
      vertex 153.44801714032957 4.654815273327802 2
    endloop
  endfacet
  facet normal -0.24298017990325776 0.9700312531945455 0
    outer loop
      vertex 153.54509032201614 4.66921471959677 5.99
      vertex 153.64028467725447 4.693059664267791 2
      vertex 153.54509032201614 4.66921471959677 2
    endloop
  endfacet
  facet normal -0.3368898533922325 0.9415440651830163 0
    outer loop
      vertex 153.64028467725447 4.693059664267791 5.99
      vertex 153.7326834323651 4.7261204674887125 2
      vertex 153.64028467725447 4.693059664267791 2
    endloop
  endfacet
  facet normal -0.42755509343033926 0.9039892931234164 0
    outer loop
      vertex 153.7326834323651 4.7261204674887125 5.99
      vertex 153.821396736826 4.768078735651645 2
      vertex 153.7326834323651 4.7261204674887125 2
    endloop
  endfacet
  facet normal -0.5141027441931744 0.8577286100003003 0
    outer loop
      vertex 153.821396736826 4.768078735651645 5.99
      vertex 153.9055702330196 4.818530387697455 2
      vertex 153.821396736826 4.768078735651645 2
    endloop
  endfacet
  facet normal -0.5956993044924449 0.8032075314806364 0
    outer loop
      vertex 153.9055702330196 4.818530387697455 5.99
      vertex 153.98439328416364 4.8769895466372635 2
      vertex 153.9055702330196 4.818530387697455 2
    endloop
  endfacet
  facet normal -0.6715589548470106 0.7409511253549663 0
    outer loop
      vertex 153.98439328416364 4.8769895466372635 5.99
      vertex 154.05710678118655 4.9428932188134524 2
      vertex 153.98439328416364 4.8769895466372635 2
    endloop
  endfacet
  facet normal -0.7409511253550213 0.6715589548469498 0
    outer loop
      vertex 154.05710678118655 4.9428932188134524 5.99
      vertex 154.12301045336272 5.015606715836354 2
      vertex 154.05710678118655 4.9428932188134524 2
    endloop
  endfacet
  facet normal -0.8032075314805606 0.5956993044925472 0
    outer loop
      vertex 154.12301045336272 5.015606715836354 5.99
      vertex 154.18146961230255 5.094429766980397 2
      vertex 154.12301045336272 5.015606715836354 2
    endloop
  endfacet
  facet normal -0.8577286100002806 0.5141027441932077 0
    outer loop
      vertex 154.18146961230255 5.094429766980397 5.99
      vertex 154.23192126434836 5.178603263174002 2
      vertex 154.18146961230255 5.094429766980397 2
    endloop
  endfacet
  facet normal -0.9039892931235094 0.4275550934301423 0
    outer loop
      vertex 154.23192126434836 5.178603263174002 5.99
      vertex 154.27387953251127 5.267316567634911 2
      vertex 154.23192126434836 5.178603263174002 2
    endloop
  endfacet
  facet normal -0.9415440651829824 0.3368898533923277 0
    outer loop
      vertex 154.27387953251127 5.267316567634911 5.99
      vertex 154.3069403357322 5.359715322745538 2
      vertex 154.27387953251127 5.267316567634911 2
    endloop
  endfacet
  facet normal -0.9700312531945328 0.24298017990330886 0
    outer loop
      vertex 154.3069403357322 5.359715322745538 5.99
      vertex 154.33078528040323 5.454909677983872 2
      vertex 154.3069403357322 5.359715322745538 2
    endloop
  endfacet
  facet normal -0.9891765099647998 0.14673047445523388 0
    outer loop
      vertex 154.33078528040323 5.454909677983872 5.99
      vertex 154.3451847266722 5.551982859670439 2
      vertex 154.33078528040323 5.454909677983872 2
    endloop
  endfacet
  facet normal -0.9987954562051704 0.049067674327459884 0
    outer loop
      vertex 154.3451847266722 5.551982859670439 5.99
      vertex 154.35 5.65 2
      vertex 154.3451847266722 5.551982859670439 2
    endloop
  endfacet
  facet normal -0.04906767432739951 0.9987954562051733 -6.348610904226647e-20
    outer loop
      vertex 153.35 4.65 5.99
      vertex 153.44801714032957 4.654815273327802 5.99
      vertex 153.44801714032957 4.654815273327802 2
    endloop
  endfacet
  facet normal -0.14673047445537296 0.9891765099647793 1.9165964774261649e-19
    outer loop
      vertex 153.44801714032957 4.654815273327802 5.99
      vertex 153.54509032201614 4.66921471959677 5.99
      vertex 153.54509032201614 4.66921471959677 2
    endloop
  endfacet
  facet normal -0.24298017990325776 0.9700312531945455 6.317323953899743e-21
    outer loop
      vertex 153.54509032201614 4.66921471959677 5.99
      vertex 153.64028467725447 4.693059664267791 5.99
      vertex 153.64028467725447 4.693059664267791 2
    endloop
  endfacet
  facet normal -0.3368898533922325 0.9415440651830163 -2.9732151842315335e-19
    outer loop
      vertex 153.64028467725447 4.693059664267791 5.99
      vertex 153.7326834323651 4.7261204674887125 5.99
      vertex 153.7326834323651 4.7261204674887125 2
    endloop
  endfacet
  facet normal -0.42755509343033926 0.9039892931234164 5.501208487676465e-19
    outer loop
      vertex 153.7326834323651 4.7261204674887125 5.99
      vertex 153.821396736826 4.768078735651645 5.99
      vertex 153.821396736826 4.768078735651645 2
    endloop
  endfacet
  facet normal -0.5141027441931744 0.8577286100003003 7.508567568549383e-19
    outer loop
      vertex 153.821396736826 4.768078735651645 5.99
      vertex 153.9055702330196 4.818530387697455 5.99
      vertex 153.9055702330196 4.818530387697455 2
    endloop
  endfacet
  facet normal -0.5956993044924449 0.8032075314806364 1.1918838830725672e-19
    outer loop
      vertex 153.9055702330196 4.818530387697455 5.99
      vertex 153.98439328416364 4.8769895466372635 5.99
      vertex 153.98439328416364 4.8769895466372635 2
    endloop
  endfacet
  facet normal -0.6715589548470106 0.7409511253549663 3.510031746193388e-19
    outer loop
      vertex 153.98439328416364 4.8769895466372635 5.99
      vertex 154.05710678118655 4.9428932188134524 5.99
      vertex 154.05710678118655 4.9428932188134524 2
    endloop
  endfacet
  facet normal -0.7409511253550213 0.6715589548469498 -5.160349220556021e-19
    outer loop
      vertex 154.05710678118655 4.9428932188134524 5.99
      vertex 154.12301045336272 5.015606715836354 5.99
      vertex 154.12301045336272 5.015606715836354 2
    endloop
  endfacet
  facet normal -0.8032075314805606 0.5956993044925472 7.962261494478653e-19
    outer loop
      vertex 154.12301045336272 5.015606715836354 5.99
      vertex 154.18146961230255 5.094429766980397 5.99
      vertex 154.18146961230255 5.094429766980397 2
    endloop
  endfacet
  facet normal -0.8577286100002806 0.5141027441932077 -1.0624089989440916e-18
    outer loop
      vertex 154.18146961230255 5.094429766980397 5.99
      vertex 154.23192126434836 5.178603263174002 5.99
      vertex 154.23192126434836 5.178603263174002 2
    endloop
  endfacet
  facet normal -0.9039892931235094 0.4275550934301423 -1.9138292738964859e-19
    outer loop
      vertex 154.23192126434836 5.178603263174002 5.99
      vertex 154.27387953251127 5.267316567634911 5.99
      vertex 154.27387953251127 5.267316567634911 2
    endloop
  endfacet
  facet normal -0.9415440651829824 0.3368898533923277 2.6560907212094607e-19
    outer loop
      vertex 154.27387953251127 5.267316567634911 5.99
      vertex 154.3069403357322 5.359715322745538 5.99
      vertex 154.3069403357322 5.359715322745538 2
    endloop
  endfacet
  facet normal -0.9700312531945328 0.24298017990330886 -2.7252809440077833e-19
    outer loop
      vertex 154.3069403357322 5.359715322745538 5.99
      vertex 154.33078528040323 5.454909677983872 5.99
      vertex 154.33078528040323 5.454909677983872 2
    endloop
  endfacet
  facet normal -0.9891765099647998 0.14673047445523388 -2.227377112704602e-19
    outer loop
      vertex 154.33078528040323 5.454909677983872 5.99
      vertex 154.3451847266722 5.551982859670439 5.99
      vertex 154.3451847266722 5.551982859670439 2
    endloop
  endfacet
  facet normal -0.9987954562051704 0.049067674327459884 -6.780174613293641e-20
    outer loop
      vertex 154.3451847266722 5.551982859670439 5.99
      vertex 154.35 5.65 5.99
      vertex 154.35 5.65 2
    endloop
  endfacet
  facet normal -1 0 0
    outer loop
      vertex 154.35 5.65 5.99
      vertex 154.35 32.949999999999996 2
      vertex 154.35 5.65 2
    endloop
  endfacet
  facet normal 0 -1 0
    outer loop
      vertex 153.35 33.949999999999996 5.99
      vertex 5.65 33.949999999999996 2
      vertex 153.35 33.949999999999996 2
    endloop
  endfacet
  facet normal -1 0 0
    outer loop
      vertex 154.35 5.65 5.99
      vertex 154.35 32.949999999999996 5.99
      vertex 154.35 32.949999999999996 2
    endloop
  endfacet
  facet normal -0.9987954562051703 -0.04906767432746077 0
    outer loop
      vertex 154.35 32.949999999999996 5.99
      vertex 154.3451847266722 33.048017140329556 2
      vertex 154.35 32.949999999999996 2
    endloop
  endfacet
  facet normal -0.9891765099648003 -0.14673047445523124 0
    outer loop
      vertex 154.3451847266722 33.048017140329556 5.99
      vertex 154.33078528040323 33.145090322016124 2
      vertex 154.3451847266722 33.048017140329556 2
    endloop
  endfacet
  facet normal -0.9700312531945328 -0.24298017990330886 0
    outer loop
      vertex 154.33078528040323 33.145090322016124 5.99
      vertex 154.3069403357322 33.24028467725446 2
      vertex 154.33078528040323 33.145090322016124 2
    endloop
  endfacet
  facet normal -0.9415440651829843 -0.3368898533923219 0
    outer loop
      vertex 154.3069403357322 33.24028467725446 5.99
      vertex 154.27387953251127 33.33268343236509 2
      vertex 154.3069403357322 33.24028467725446 2
    endloop
  endfacet
  facet normal -0.9039892931235126 -0.4275550934301353 0
    outer loop
      vertex 154.27387953251127 33.33268343236509 5.99
      vertex 154.23192126434836 33.421396736826 2
      vertex 154.27387953251127 33.33268343236509 2
    endloop
  endfacet
  facet normal -0.8577286100002661 -0.5141027441932315 0
    outer loop
      vertex 154.23192126434836 33.421396736826 5.99
      vertex 154.18146961230255 33.5055702330196 2
      vertex 154.23192126434836 33.421396736826 2
    endloop
  endfacet
  facet normal -0.8032075314805798 -0.5956993044925212 0
    outer loop
      vertex 154.18146961230255 33.5055702330196 5.99
      vertex 154.12301045336272 33.584393284163646 2
      vertex 154.18146961230255 33.5055702330196 2
    endloop
  endfacet
  facet normal -0.7409511253549967 -0.671558954846977 0
    outer loop
      vertex 154.12301045336272 33.584393284163646 5.99
      vertex 154.05710678118655 33.65710678118654 2
      vertex 154.12301045336272 33.584393284163646 2
    endloop
  endfacet
  facet normal -0.6715589548470204 -0.7409511253549573 0
    outer loop
      vertex 154.05710678118655 33.65710678118654 5.99
      vertex 153.98439328416364 33.72301045336273 2
      vertex 154.05710678118655 33.65710678118654 2
    endloop
  endfacet
  facet normal -0.5956993044924624 -0.8032075314806234 0
    outer loop
      vertex 153.98439328416364 33.72301045336273 5.99
      vertex 153.9055702330196 33.781469612302544 2
      vertex 153.98439328416364 33.72301045336273 2
    endloop
  endfacet
  facet normal -0.5141027441931678 -0.8577286100003045 0
    outer loop
      vertex 153.9055702330196 33.781469612302544 5.99
      vertex 153.821396736826 33.83192126434835 2
      vertex 153.9055702330196 33.781469612302544 2
    endloop
  endfacet
  facet normal -0.4275550934303096 -0.9039892931234303 0
    outer loop
      vertex 153.821396736826 33.83192126434835 5.99
      vertex 153.7326834323651 33.87387953251128 2
      vertex 153.821396736826 33.83192126434835 2
    endloop
  endfacet
  facet normal -0.04906767432738145 -0.9987954562051742 0
    outer loop
      vertex 153.44801714032957 33.945184726672196 5.99
      vertex 153.35 33.949999999999996 2
      vertex 153.44801714032957 33.945184726672196 2
    endloop
  endfacet
  facet normal -0.14673047445537296 -0.9891765099647793 0
    outer loop
      vertex 153.54509032201614 33.93078528040323 5.99
      vertex 153.44801714032957 33.945184726672196 2
      vertex 153.54509032201614 33.93078528040323 2
    endloop
  endfacet
  facet normal -0.3368898533922806 -0.941544065182999 0
    outer loop
      vertex 153.7326834323651 33.87387953251128 5.99
      vertex 153.64028467725447 33.90694033573221 2
      vertex 153.7326834323651 33.87387953251128 2
    endloop
  endfacet
  facet normal -0.24298017990324072 -0.9700312531945499 0
    outer loop
      vertex 153.64028467725447 33.90694033573221 5.99
      vertex 153.54509032201614 33.93078528040323 2
      vertex 153.64028467725447 33.90694033573221 2
    endloop
  endfacet
  facet normal -0.9987954562051703 -0.04906767432746077 3.829553510594799e-20
    outer loop
      vertex 154.35 32.949999999999996 5.99
      vertex 154.3451847266722 33.048017140329556 5.99
      vertex 154.3451847266722 33.048017140329556 2
    endloop
  endfacet
  facet normal -0.9891765099648003 -0.14673047445523124 2.447430394985132e-19
    outer loop
      vertex 154.3451847266722 33.048017140329556 5.99
      vertex 154.33078528040323 33.145090322016124 5.99
      vertex 154.33078528040323 33.145090322016124 2
    endloop
  endfacet
  facet normal -0.9700312531945328 -0.24298017990330886 2.7252809440077833e-19
    outer loop
      vertex 154.33078528040323 33.145090322016124 5.99
      vertex 154.3069403357322 33.24028467725446 5.99
      vertex 154.3069403357322 33.24028467725446 2
    endloop
  endfacet
  facet normal -0.9415440651829843 -0.3368898533923219 3.8004993053916156e-19
    outer loop
      vertex 154.3069403357322 33.24028467725446 5.99
      vertex 154.27387953251127 33.33268343236509 5.99
      vertex 154.27387953251127 33.33268343236509 2
    endloop
  endfacet
  facet normal -0.9039892931235126 -0.4275550934301353 3.4526187337272274e-19
    outer loop
      vertex 154.27387953251127 33.33268343236509 5.99
      vertex 154.23192126434836 33.421396736826 5.99
      vertex 154.23192126434836 33.421396736826 2
    endloop
  endfacet
  facet normal -0.8577286100002661 -0.5141027441932315 1.0069200259048544e-18
    outer loop
      vertex 154.23192126434836 33.421396736826 5.99
      vertex 154.18146961230255 33.5055702330196 5.99
      vertex 154.18146961230255 33.5055702330196 2
    endloop
  endfacet
  facet normal -0.8032075314805798 -0.5956993044925212 1.0355369914300694e-18
    outer loop
      vertex 154.18146961230255 33.5055702330196 5.99
      vertex 154.12301045336272 33.584393284163646 5.99
      vertex 154.12301045336272 33.584393284163646 2
    endloop
  endfacet
  facet normal -0.7409511253549967 -0.671558954846977 3.214608029665867e-19
    outer loop
      vertex 154.12301045336272 33.584393284163646 5.99
      vertex 154.05710678118655 33.65710678118654 5.99
      vertex 154.05710678118655 33.65710678118654 2
    endloop
  endfacet
  facet normal -0.6715589548470204 -0.7409511253549573 -1.676821015067211e-19
    outer loop
      vertex 154.05710678118655 33.65710678118654 5.99
      vertex 153.98439328416364 33.72301045336273 5.99
      vertex 153.98439328416364 33.72301045336273 2
    endloop
  endfacet
  facet normal -0.5956993044924624 -0.8032075314806234 0
    outer loop
      vertex 153.9055702330196 33.781469612302544 5.99
      vertex 153.9055702330196 33.781469612302544 2
      vertex 153.98439328416364 33.72301045336273 5.99
    endloop
  endfacet
  facet normal -0.5141027441931678 -0.8577286100003045 -3.2187181143011263e-19
    outer loop
      vertex 153.9055702330196 33.781469612302544 5.99
      vertex 153.821396736826 33.83192126434835 5.99
      vertex 153.821396736826 33.83192126434835 2
    endloop
  endfacet
  facet normal -0.4275550934303096 -0.9039892931234303 2.6880684135141054e-19
    outer loop
      vertex 153.821396736826 33.83192126434835 5.99
      vertex 153.7326834323651 33.87387953251128 5.99
      vertex 153.7326834323651 33.87387953251128 2
    endloop
  endfacet
  facet normal -0.04906767432738145 -0.9987954562051742 0
    outer loop
      vertex 153.35 33.949999999999996 5.99
      vertex 153.35 33.949999999999996 2
      vertex 153.44801714032957 33.945184726672196 5.99
    endloop
  endfacet
  facet normal -0.24298017990324072 -0.9700312531945499 0
    outer loop
      vertex 153.54509032201614 33.93078528040323 5.99
      vertex 153.54509032201614 33.93078528040323 2
      vertex 153.64028467725447 33.90694033573221 5.99
    endloop
  endfacet
  facet normal -0.14673047445537296 -0.9891765099647793 -1.9165964774261649e-19
    outer loop
      vertex 153.54509032201614 33.93078528040323 5.99
      vertex 153.44801714032957 33.945184726672196 5.99
      vertex 153.44801714032957 33.945184726672196 2
    endloop
  endfacet
  facet normal -0.3368898533922806 -0.941544065182999 0
    outer loop
      vertex 153.64028467725447 33.90694033573221 5.99
      vertex 153.64028467725447 33.90694033573221 2
      vertex 153.7326834323651 33.87387953251128 5.99
    endloop
  endfacet
endsolid OpenSCAD_Model
