solid OpenSCAD_Model
  facet normal 0 -0.5956992924414621 -0.8032075404182542
    outer loop
      vertex -4.6 15.228539812564847 24.91961915940046
      vertex -4.6 15.46106781363487 24.747164645791052
      vertex 1 15.228539812564847 24.91961915940046
    endloop
  endfacet
  facet normal 0 -0.5141027490956079 -0.8577286070618949
    outer loop
      vertex -4.6 15.46106781363487 24.747164645791052
      vertex -4.6 15.709379623830316 24.598332272469996
      vertex 1 15.46106781363487 24.747164645791052
    endloop
  endfacet
  facet normal 0 -0.42755508731319725 -0.9039892960166089
    outer loop
      vertex -4.6 15.709379623830316 24.598332272469996
      vertex -4.6 15.971083875000474 24.47455538213253
      vertex 1 15.709379623830316 24.598332272469996
    endloop
  endfacet
  facet normal 0 -0.9700312546892906 -0.24298017393590077
    outer loop
      vertex -4.6 14.206683422625062 26.624483549594878
      vertex -4.6 14.277026008069512 26.34366019964218
      vertex 1 14.206683422625062 26.624483549594878
    endloop
  endfacet
  facet normal 0 -0.9891765095926445 -0.14673047696410185
    outer loop
      vertex -4.6 14.206683422625062 26.624483549594878
      vertex 1 14.16420505493879 26.91084943860769
      vertex -4.6 14.16420505493879 26.91084943860769
    endloop
  endfacet
  facet normal 0 -0.9987954566445053 -0.0490676653845899
    outer loop
      vertex -4.6 14.16420505493879 26.91084943860769
      vertex 1 14.150000001490113 27.199999997019766
      vertex -4.6 14.150000001490113 27.199999997019766
    endloop
  endfacet
  facet normal 0 -0.7409511165344261 -0.6715589645789767
    outer loop
      vertex -4.6 15.014034996926782 25.114034996926783
      vertex 1 14.81961915940046 25.32853981256485
      vertex -4.6 14.81961915940046 25.32853981256485
    endloop
  endfacet
  facet normal 0 -0.8032075404182542 -0.5956992924414621
    outer loop
      vertex -4.6 14.647164645791051 25.56106781363487
      vertex -4.6 14.81961915940046 25.32853981256485
      vertex 1 14.647164645791051 25.56106781363487
    endloop
  endfacet
  facet normal 0 -0.8577286070618949 -0.5141027490956079
    outer loop
      vertex -4.6 14.647164645791051 25.56106781363487
      vertex 1 14.498332272469995 25.809379623830317
      vertex -4.6 14.498332272469995 25.809379623830317
    endloop
  endfacet
  facet normal 0 -0.9039892960166089 -0.42755508731319725
    outer loop
      vertex -4.6 14.498332272469995 25.809379623830317
      vertex 1 14.374555382132527 26.071083875000475
      vertex -4.6 14.374555382132527 26.071083875000475
    endloop
  endfacet
  facet normal 0 -0.6715589645789767 -0.7409511165344261
    outer loop
      vertex -4.6 15.228539812564847 24.91961915940046
      vertex 1 15.014034996926782 25.114034996926783
      vertex -4.6 15.014034996926782 25.114034996926783
    endloop
  endfacet
  facet normal 0 -0.9415440590348381 -0.336889870575239
    outer loop
      vertex -4.6 14.374555382132527 26.071083875000475
      vertex 1 14.277026008069512 26.34366019964218
      vertex -4.6 14.277026008069512 26.34366019964218
    endloop
  endfacet
  facet normal 0 -0.24298017393590077 -0.9700312546892906
    outer loop
      vertex -4.6 16.24366019964218 24.377026008069514
      vertex -4.6 16.524483549594876 24.306683422625063
      vertex 1 16.24366019964218 24.377026008069514
    endloop
  endfacet
  facet normal 0 -0.14673047696410185 -0.9891765095926445
    outer loop
      vertex -4.6 16.524483549594876 24.306683422625063
      vertex -4.6 16.81084943860769 24.26420505493879
      vertex 1 16.524483549594876 24.306683422625063
    endloop
  endfacet
  facet normal 0 -0.336889870575239 -0.9415440590348381
    outer loop
      vertex -4.6 16.24366019964218 24.377026008069514
      vertex 1 15.971083875000474 24.47455538213253
      vertex -4.6 15.971083875000474 24.47455538213253
    endloop
  endfacet
  facet normal 0 -0.0490676653845899 -0.9987954566445053
    outer loop
      vertex -4.6 16.81084943860769 24.26420505493879
      vertex -4.6 17.099999997019765 24.250000001490115
      vertex 1 16.81084943860769 24.26420505493879
    endloop
  endfacet
  facet normal 0 0 -1
    outer loop
      vertex -4.6 17.099999997019765 24.250000001490115
      vertex -4.6 21.50000000298023 24.250000001490115
      vertex 1 17.099999997019765 24.250000001490115
    endloop
  endfacet
  facet normal 0 -1 0
    outer loop
      vertex -4.6 14.150000001490113 27.199999997019766
      vertex 1 14.150000001490113 27.60000000298023
      vertex -4.6 14.150000001490113 27.60000000298023
    endloop
  endfacet
  facet normal 0 -0.9987954566445053 0.0490676653845899
    outer loop
      vertex -4.6 14.150000001490113 27.60000000298023
      vertex 1 14.16420505493879 27.889150561392306
      vertex -4.6 14.16420505493879 27.889150561392306
    endloop
  endfacet
  facet normal 0 -0.9891765095926445 0.14673047696410185
    outer loop
      vertex -4.6 14.16420505493879 27.889150561392306
      vertex 1 14.206683422625062 28.17551645040512
      vertex -4.6 14.206683422625062 28.17551645040512
    endloop
  endfacet
  facet normal 0 -0.9700312546892906 0.24298017393590077
    outer loop
      vertex -4.6 14.206683422625062 28.17551645040512
      vertex 1 14.277026008069512 28.456339800357817
      vertex -4.6 14.277026008069512 28.456339800357817
    endloop
  endfacet
  facet normal 0 -0.9415440590348381 0.336889870575239
    outer loop
      vertex -4.6 14.277026008069512 28.456339800357817
      vertex 1 14.374555382132527 28.72891612499952
      vertex -4.6 14.374555382132527 28.72891612499952
    endloop
  endfacet
  facet normal 0 -0.9039892960166089 0.42755508731319725
    outer loop
      vertex -4.6 14.374555382132527 28.72891612499952
      vertex 1 14.498332272469995 28.99062037616968
      vertex -4.6 14.498332272469995 28.99062037616968
    endloop
  endfacet
  facet normal 0 -0.8577286070618949 0.5141027490956079
    outer loop
      vertex -4.6 14.498332272469995 28.99062037616968
      vertex 1 14.647164645791051 29.238932186365126
      vertex -4.6 14.647164645791051 29.238932186365126
    endloop
  endfacet
  facet normal 0 -0.8032075404182542 0.5956992924414621
    outer loop
      vertex -4.6 14.647164645791051 29.238932186365126
      vertex 1 14.81961915940046 29.47146018743515
      vertex -4.6 14.81961915940046 29.47146018743515
    endloop
  endfacet
  facet normal 0 -0.7409511165344261 0.6715589645789767
    outer loop
      vertex -4.6 14.81961915940046 29.47146018743515
      vertex 1 15.014034996926782 29.685965003073214
      vertex -4.6 15.014034996926782 29.685965003073214
    endloop
  endfacet
  facet normal 0 -0.6715589645789767 0.7409511165344261
    outer loop
      vertex -4.6 15.014034996926782 29.685965003073214
      vertex 1 15.228539812564847 29.880380840599535
      vertex -4.6 15.228539812564847 29.880380840599535
    endloop
  endfacet
  facet normal 0 -0.5956992924414621 0.8032075404182542
    outer loop
      vertex -4.6 15.228539812564847 29.880380840599535
      vertex 1 15.46106781363487 30.052835354208945
      vertex -4.6 15.46106781363487 30.052835354208945
    endloop
  endfacet
  facet normal 0 -0.5141027490956079 0.8577286070618949
    outer loop
      vertex -4.6 15.46106781363487 30.052835354208945
      vertex 1 15.709379623830316 30.20166772753
      vertex -4.6 15.709379623830316 30.20166772753
    endloop
  endfacet
  facet normal 0 -0.42755508731319725 0.9039892960166089
    outer loop
      vertex -4.6 15.709379623830316 30.20166772753
      vertex 1 15.971083875000474 30.32544461786747
      vertex -4.6 15.971083875000474 30.32544461786747
    endloop
  endfacet
  facet normal 0 -0.336889870575239 0.9415440590348381
    outer loop
      vertex -4.6 15.971083875000474 30.32544461786747
      vertex 1 16.24366019964218 30.422973991930483
      vertex -4.6 16.24366019964218 30.422973991930483
    endloop
  endfacet
  facet normal 0 -0.24298017393590077 0.9700312546892906
    outer loop
      vertex -4.6 16.24366019964218 30.422973991930483
      vertex 1 16.524483549594876 30.493316577374934
      vertex -4.6 16.524483549594876 30.493316577374934
    endloop
  endfacet
  facet normal 0 -0.14673047696410185 0.9891765095926445
    outer loop
      vertex -4.6 16.524483549594876 30.493316577374934
      vertex 1 16.81084943860769 30.535794945061205
      vertex -4.6 16.81084943860769 30.535794945061205
    endloop
  endfacet
  facet normal 0 -0.049067665384593256 0.9987954566445051
    outer loop
      vertex -4.6 16.81084943860769 30.535794945061205
      vertex 1 16.81084943860769 30.535794945061205
      vertex -4.6 17.00024076368836 30.545099142536255
    endloop
  endfacet
  facet normal 0 0.0490676653845899 -0.9987954566445053
    outer loop
      vertex -4.6 21.50000000298023 24.250000001490115
      vertex -4.6 21.789150561392304 24.26420505493879
      vertex 1 21.50000000298023 24.250000001490115
    endloop
  endfacet
  facet normal 0 0.14673047696410185 -0.9891765095926445
    outer loop
      vertex -4.6 21.789150561392304 24.26420505493879
      vertex -4.6 22.075516450405118 24.306683422625063
      vertex 1 21.789150561392304 24.26420505493879
    endloop
  endfacet
  facet normal 0 0.24298017393590077 -0.9700312546892906
    outer loop
      vertex -4.6 22.075516450405118 24.306683422625063
      vertex -4.6 22.356339800357816 24.377026008069514
      vertex 1 22.075516450405118 24.306683422625063
    endloop
  endfacet
  facet normal 0 0.336889870575239 -0.9415440590348381
    outer loop
      vertex -4.6 22.356339800357816 24.377026008069514
      vertex -4.6 22.62891612499952 24.47455538213253
      vertex 1 22.356339800357816 24.377026008069514
    endloop
  endfacet
  facet normal 0 0.42755508731319725 -0.9039892960166089
    outer loop
      vertex -4.6 22.62891612499952 24.47455538213253
      vertex -4.6 22.89062037616968 24.598332272469996
      vertex 1 22.62891612499952 24.47455538213253
    endloop
  endfacet
  facet normal 0 0.5141027490956079 -0.8577286070618949
    outer loop
      vertex -4.6 22.89062037616968 24.598332272469996
      vertex -4.6 23.138932186365125 24.747164645791052
      vertex 1 22.89062037616968 24.598332272469996
    endloop
  endfacet
  facet normal 0 0.5956992924414621 -0.8032075404182542
    outer loop
      vertex -4.6 23.138932186365125 24.747164645791052
      vertex -4.6 23.371460187435147 24.91961915940046
      vertex 1 23.138932186365125 24.747164645791052
    endloop
  endfacet
  facet normal 0 0.6715589645789767 -0.7409511165344261
    outer loop
      vertex -4.6 23.371460187435147 24.91961915940046
      vertex -4.6 23.585965003073213 25.114034996926783
      vertex 1 23.371460187435147 24.91961915940046
    endloop
  endfacet
  facet normal 0 0.7409511165344261 -0.6715589645789767
    outer loop
      vertex -4.6 23.585965003073213 25.114034996926783
      vertex -4.6 23.780380840599534 25.32853981256485
      vertex 1 23.585965003073213 25.114034996926783
    endloop
  endfacet
  facet normal 0 0.8032075404182542 -0.5956992924414621
    outer loop
      vertex -4.6 23.780380840599534 25.32853981256485
      vertex -4.6 23.952835354208943 25.56106781363487
      vertex 1 23.780380840599534 25.32853981256485
    endloop
  endfacet
  facet normal 0 0.8577286070618949 -0.5141027490956079
    outer loop
      vertex -4.6 23.952835354208943 25.56106781363487
      vertex -4.6 24.10166772753 25.809379623830317
      vertex 1 23.952835354208943 25.56106781363487
    endloop
  endfacet
  facet normal 0 0.9039892960166089 -0.42755508731319725
    outer loop
      vertex -4.6 24.10166772753 25.809379623830317
      vertex -4.6 24.225444617867467 26.071083875000475
      vertex 1 24.10166772753 25.809379623830317
    endloop
  endfacet
  facet normal 0 0.9415440590348381 -0.336889870575239
    outer loop
      vertex -4.6 24.225444617867467 26.071083875000475
      vertex -4.6 24.322973991930482 26.34366019964218
      vertex 1 24.225444617867467 26.071083875000475
    endloop
  endfacet
  facet normal 0 0.9700312546892906 -0.24298017393590077
    outer loop
      vertex -4.6 24.322973991930482 26.34366019964218
      vertex -4.6 24.393316577374932 26.624483549594878
      vertex 1 24.322973991930482 26.34366019964218
    endloop
  endfacet
  facet normal 0 0.9891765095926445 -0.14673047696410185
    outer loop
      vertex -4.6 24.393316577374932 26.624483549594878
      vertex -4.6 24.435794945061204 26.91084943860769
      vertex 1 24.393316577374932 26.624483549594878
    endloop
  endfacet
  facet normal 0 0.9987954566445053 -0.0490676653845899
    outer loop
      vertex -4.6 24.435794945061204 26.91084943860769
      vertex -4.6 24.44999999850988 27.199999997019766
      vertex 1 24.435794945061204 26.91084943860769
    endloop
  endfacet
  facet normal 0 1 0
    outer loop
      vertex -4.6 24.44999999850988 27.199999997019766
      vertex -4.6 24.44999999850988 27.60000000298023
      vertex 1 24.44999999850988 27.199999997019766
    endloop
  endfacet
  facet normal 7.350392479582029e-21 0.049067665384593256 0.9987954566445051
    outer loop
      vertex -4.6 21.789150561392304 30.535794945061205
      vertex -4.6 21.599759236311634 30.545099142536255
      vertex 1 21.599759236311634 30.545099142536255
    endloop
  endfacet
  facet normal 0 0.336889870575239 0.9415440590348381
    outer loop
      vertex -4.6 22.62891612499952 30.32544461786747
      vertex -4.6 22.356339800357816 30.422973991930483
      vertex 1 22.62891612499952 30.32544461786747
    endloop
  endfacet
  facet normal 0 0.14673047696410185 0.9891765095926445
    outer loop
      vertex -4.6 21.789150561392304 30.535794945061205
      vertex 1 22.075516450405118 30.493316577374934
      vertex -4.6 22.075516450405118 30.493316577374934
    endloop
  endfacet
  facet normal 0 0.24298017393590077 0.9700312546892906
    outer loop
      vertex -4.6 22.075516450405118 30.493316577374934
      vertex 1 22.356339800357816 30.422973991930483
      vertex -4.6 22.356339800357816 30.422973991930483
    endloop
  endfacet
  facet normal 0 0.9415440590348381 0.336889870575239
    outer loop
      vertex -4.6 24.322973991930482 28.456339800357817
      vertex -4.6 24.225444617867467 28.72891612499952
      vertex 1 24.322973991930482 28.456339800357817
    endloop
  endfacet
  facet normal 0 0.6715589645789767 0.7409511165344261
    outer loop
      vertex -4.6 23.585965003073213 29.685965003073214
      vertex -4.6 23.371460187435147 29.880380840599535
      vertex 1 23.585965003073213 29.685965003073214
    endloop
  endfacet
  facet normal 0 0.9039892960166089 0.42755508731319725
    outer loop
      vertex -4.6 24.225444617867467 28.72891612499952
      vertex -4.6 24.10166772753 28.99062037616968
      vertex 1 24.225444617867467 28.72891612499952
    endloop
  endfacet
  facet normal 0 0.8577286070618949 0.5141027490956079
    outer loop
      vertex -4.6 24.10166772753 28.99062037616968
      vertex -4.6 23.952835354208943 29.238932186365126
      vertex 1 24.10166772753 28.99062037616968
    endloop
  endfacet
  facet normal 0 0.8032075404182542 0.5956992924414621
    outer loop
      vertex -4.6 23.780380840599534 29.47146018743515
      vertex 1 23.952835354208943 29.238932186365126
      vertex -4.6 23.952835354208943 29.238932186365126
    endloop
  endfacet
  facet normal 0 0.7409511165344261 0.6715589645789767
    outer loop
      vertex -4.6 23.780380840599534 29.47146018743515
      vertex -4.6 23.585965003073213 29.685965003073214
      vertex 1 23.780380840599534 29.47146018743515
    endloop
  endfacet
  facet normal 0 0.9987954566445053 0.0490676653845899
    outer loop
      vertex -4.6 24.44999999850988 27.60000000298023
      vertex -4.6 24.435794945061204 27.889150561392306
      vertex 1 24.44999999850988 27.60000000298023
    endloop
  endfacet
  facet normal 0 0.9891765095926445 0.14673047696410185
    outer loop
      vertex -4.6 24.435794945061204 27.889150561392306
      vertex -4.6 24.393316577374932 28.17551645040512
      vertex 1 24.435794945061204 27.889150561392306
    endloop
  endfacet
  facet normal 0 0.9700312546892906 0.24298017393590077
    outer loop
      vertex -4.6 24.322973991930482 28.456339800357817
      vertex 1 24.393316577374932 28.17551645040512
      vertex -4.6 24.393316577374932 28.17551645040512
    endloop
  endfacet
  facet normal 0 0.42755508731319725 0.9039892960166089
    outer loop
      vertex -4.6 22.62891612499952 30.32544461786747
      vertex 1 22.89062037616968 30.20166772753
      vertex -4.6 22.89062037616968 30.20166772753
    endloop
  endfacet
  facet normal 0 0.5141027490956079 0.8577286070618949
    outer loop
      vertex -4.6 22.89062037616968 30.20166772753
      vertex 1 23.138932186365125 30.052835354208945
      vertex -4.6 23.138932186365125 30.052835354208945
    endloop
  endfacet
  facet normal 0 0.5956992924414621 0.8032075404182542
    outer loop
      vertex -4.6 23.138932186365125 30.052835354208945
      vertex 1 23.371460187435147 29.880380840599535
      vertex -4.6 23.371460187435147 29.880380840599535
    endloop
  endfacet
  facet normal 0 -0.6715589645789767 -0.7409511165344261
    outer loop
      vertex -4.6 15.228539812564847 24.91961915940046
      vertex 1 15.228539812564847 24.91961915940046
      vertex 1 15.014034996926782 25.114034996926783
    endloop
  endfacet
  facet normal 0 -0.5956992924414621 -0.8032075404182542
    outer loop
      vertex -4.6 15.46106781363487 24.747164645791052
      vertex 1 15.46106781363487 24.747164645791052
      vertex 1 15.228539812564847 24.91961915940046
    endloop
  endfacet
  facet normal 0 -0.5141027490956079 -0.8577286070618949
    outer loop
      vertex -4.6 15.709379623830316 24.598332272469996
      vertex 1 15.709379623830316 24.598332272469996
      vertex 1 15.46106781363487 24.747164645791052
    endloop
  endfacet
  facet normal 0 -0.42755508731319725 -0.9039892960166089
    outer loop
      vertex -4.6 15.971083875000474 24.47455538213253
      vertex 1 15.971083875000474 24.47455538213253
      vertex 1 15.709379623830316 24.598332272469996
    endloop
  endfacet
  facet normal 0 -0.9891765095926445 -0.14673047696410185
    outer loop
      vertex -4.6 14.206683422625062 26.624483549594878
      vertex 1 14.206683422625062 26.624483549594878
      vertex 1 14.16420505493879 26.91084943860769
    endloop
  endfacet
  facet normal 0 -0.9987954566445053 -0.0490676653845899
    outer loop
      vertex -4.6 14.16420505493879 26.91084943860769
      vertex 1 14.16420505493879 26.91084943860769
      vertex 1 14.150000001490113 27.199999997019766
    endloop
  endfacet
  facet normal 0 -1 0
    outer loop
      vertex -4.6 14.150000001490113 27.199999997019766
      vertex 1 14.150000001490113 27.199999997019766
      vertex 1 14.150000001490113 27.60000000298023
    endloop
  endfacet
  facet normal 0 -0.7409511165344261 -0.6715589645789767
    outer loop
      vertex -4.6 15.014034996926782 25.114034996926783
      vertex 1 15.014034996926782 25.114034996926783
      vertex 1 14.81961915940046 25.32853981256485
    endloop
  endfacet
  facet normal 0 -0.8032075404182542 -0.5956992924414621
    outer loop
      vertex -4.6 14.81961915940046 25.32853981256485
      vertex 1 14.81961915940046 25.32853981256485
      vertex 1 14.647164645791051 25.56106781363487
    endloop
  endfacet
  facet normal 0 -0.8577286070618949 -0.5141027490956079
    outer loop
      vertex -4.6 14.647164645791051 25.56106781363487
      vertex 1 14.647164645791051 25.56106781363487
      vertex 1 14.498332272469995 25.809379623830317
    endloop
  endfacet
  facet normal 0 -0.9039892960166089 -0.42755508731319725
    outer loop
      vertex -4.6 14.498332272469995 25.809379623830317
      vertex 1 14.498332272469995 25.809379623830317
      vertex 1 14.374555382132527 26.071083875000475
    endloop
  endfacet
  facet normal 0 -0.9415440590348381 -0.336889870575239
    outer loop
      vertex -4.6 14.374555382132527 26.071083875000475
      vertex 1 14.374555382132527 26.071083875000475
      vertex 1 14.277026008069512 26.34366019964218
    endloop
  endfacet
  facet normal 0 -0.9700312546892906 -0.24298017393590077
    outer loop
      vertex -4.6 14.277026008069512 26.34366019964218
      vertex 1 14.277026008069512 26.34366019964218
      vertex 1 14.206683422625062 26.624483549594878
    endloop
  endfacet
  facet normal 0 -0.336889870575239 -0.9415440590348381
    outer loop
      vertex -4.6 16.24366019964218 24.377026008069514
      vertex 1 16.24366019964218 24.377026008069514
      vertex 1 15.971083875000474 24.47455538213253
    endloop
  endfacet
  facet normal 0 -0.24298017393590077 -0.9700312546892906
    outer loop
      vertex -4.6 16.524483549594876 24.306683422625063
      vertex 1 16.524483549594876 24.306683422625063
      vertex 1 16.24366019964218 24.377026008069514
    endloop
  endfacet
  facet normal 0 -0.14673047696410185 -0.9891765095926445
    outer loop
      vertex -4.6 16.81084943860769 24.26420505493879
      vertex 1 16.81084943860769 24.26420505493879
      vertex 1 16.524483549594876 24.306683422625063
    endloop
  endfacet
  facet normal 0 -0.0490676653845899 -0.9987954566445053
    outer loop
      vertex -4.6 17.099999997019765 24.250000001490115
      vertex 1 17.099999997019765 24.250000001490115
      vertex 1 16.81084943860769 24.26420505493879
    endloop
  endfacet
  facet normal 1 0 0
    outer loop
      vertex 1 16.24366019964218 24.377026008069514
      vertex 1 16.524483549594876 24.306683422625063
      vertex 1 22.356339800357816 24.377026008069514
    endloop
  endfacet
  facet normal 1 0 0
    outer loop
      vertex 1 15.228539812564847 24.91961915940046
      vertex 1 15.46106781363487 24.747164645791052
      vertex 1 23.371460187435147 24.91961915940046
    endloop
  endfacet
  facet normal 1 0 0
    outer loop
      vertex 1 15.709379623830316 24.598332272469996
      vertex 1 15.971083875000474 24.47455538213253
      vertex 1 22.89062037616968 24.598332272469996
    endloop
  endfacet
  facet normal 1 0 0
    outer loop
      vertex 1 15.46106781363487 24.747164645791052
      vertex 1 15.709379623830316 24.598332272469996
      vertex 1 23.138932186365125 24.747164645791052
    endloop
  endfacet
  facet normal 1 0 0
    outer loop
      vertex 1 16.24366019964218 24.377026008069514
      vertex 1 22.62891612499952 24.47455538213253
      vertex 1 15.971083875000474 24.47455538213253
    endloop
  endfacet
  facet normal 1 0 0
    outer loop
      vertex 1 16.81084943860769 24.26420505493879
      vertex 1 17.099999997019765 24.250000001490115
      vertex 1 21.789150561392304 24.26420505493879
    endloop
  endfacet
  facet normal 1 0 0
    outer loop
      vertex 1 16.524483549594876 24.306683422625063
      vertex 1 16.81084943860769 24.26420505493879
      vertex 1 22.075516450405118 24.306683422625063
    endloop
  endfacet
  facet normal 1 0 0
    outer loop
      vertex 1 14.206683422625062 26.624483549594878
      vertex 1 24.435794945061204 26.91084943860769
      vertex 1 14.16420505493879 26.91084943860769
    endloop
  endfacet
  facet normal 1 0 0
    outer loop
      vertex 1 14.16420505493879 26.91084943860769
      vertex 1 24.44999999850988 27.199999997019766
      vertex 1 14.150000001490113 27.199999997019766
    endloop
  endfacet
  facet normal 1 0 0
    outer loop
      vertex 1 15.228539812564847 24.91961915940046
      vertex 1 23.585965003073213 25.114034996926783
      vertex 1 15.014034996926782 25.114034996926783
    endloop
  endfacet
  facet normal 1 0 0
    outer loop
      vertex 1 15.014034996926782 25.114034996926783
      vertex 1 23.780380840599534 25.32853981256485
      vertex 1 14.81961915940046 25.32853981256485
    endloop
  endfacet
  facet normal 1 0 0
    outer loop
      vertex 1 14.647164645791051 25.56106781363487
      vertex 1 14.81961915940046 25.32853981256485
      vertex 1 23.952835354208943 25.56106781363487
    endloop
  endfacet
  facet normal 1 0 0
    outer loop
      vertex 1 14.647164645791051 25.56106781363487
      vertex 1 24.10166772753 25.809379623830317
      vertex 1 14.498332272469995 25.809379623830317
    endloop
  endfacet
  facet normal 1 0 0
    outer loop
      vertex 1 14.498332272469995 25.809379623830317
      vertex 1 24.225444617867467 26.071083875000475
      vertex 1 14.374555382132527 26.071083875000475
    endloop
  endfacet
  facet normal 1 0 0
    outer loop
      vertex 1 14.374555382132527 26.071083875000475
      vertex 1 24.322973991930482 26.34366019964218
      vertex 1 14.277026008069512 26.34366019964218
    endloop
  endfacet
  facet normal 1 0 0
    outer loop
      vertex 1 14.206683422625062 26.624483549594878
      vertex 1 14.277026008069512 26.34366019964218
      vertex 1 24.393316577374932 26.624483549594878
    endloop
  endfacet
  facet normal 0 -0.9987954566445053 0.0490676653845899
    outer loop
      vertex -4.6 14.150000001490113 27.60000000298023
      vertex 1 14.150000001490113 27.60000000298023
      vertex 1 14.16420505493879 27.889150561392306
    endloop
  endfacet
  facet normal 0 -0.9891765095926445 0.14673047696410185
    outer loop
      vertex -4.6 14.16420505493879 27.889150561392306
      vertex 1 14.16420505493879 27.889150561392306
      vertex 1 14.206683422625062 28.17551645040512
    endloop
  endfacet
  facet normal 0 -0.9700312546892906 0.24298017393590077
    outer loop
      vertex -4.6 14.206683422625062 28.17551645040512
      vertex 1 14.206683422625062 28.17551645040512
      vertex 1 14.277026008069512 28.456339800357817
    endloop
  endfacet
  facet normal 0 -0.9415440590348381 0.336889870575239
    outer loop
      vertex -4.6 14.277026008069512 28.456339800357817
      vertex 1 14.277026008069512 28.456339800357817
      vertex 1 14.374555382132527 28.72891612499952
    endloop
  endfacet
  facet normal 0 -0.9039892960166089 0.42755508731319725
    outer loop
      vertex -4.6 14.374555382132527 28.72891612499952
      vertex 1 14.374555382132527 28.72891612499952
      vertex 1 14.498332272469995 28.99062037616968
    endloop
  endfacet
  facet normal 0 -0.8577286070618949 0.5141027490956079
    outer loop
      vertex -4.6 14.498332272469995 28.99062037616968
      vertex 1 14.498332272469995 28.99062037616968
      vertex 1 14.647164645791051 29.238932186365126
    endloop
  endfacet
  facet normal 0 -0.8032075404182542 0.5956992924414621
    outer loop
      vertex -4.6 14.647164645791051 29.238932186365126
      vertex 1 14.647164645791051 29.238932186365126
      vertex 1 14.81961915940046 29.47146018743515
    endloop
  endfacet
  facet normal 0 -0.7409511165344261 0.6715589645789767
    outer loop
      vertex -4.6 14.81961915940046 29.47146018743515
      vertex 1 14.81961915940046 29.47146018743515
      vertex 1 15.014034996926782 29.685965003073214
    endloop
  endfacet
  facet normal 0 -0.6715589645789767 0.7409511165344261
    outer loop
      vertex -4.6 15.014034996926782 29.685965003073214
      vertex 1 15.014034996926782 29.685965003073214
      vertex 1 15.228539812564847 29.880380840599535
    endloop
  endfacet
  facet normal 0 -0.5956992924414621 0.8032075404182542
    outer loop
      vertex -4.6 15.228539812564847 29.880380840599535
      vertex 1 15.228539812564847 29.880380840599535
      vertex 1 15.46106781363487 30.052835354208945
    endloop
  endfacet
  facet normal 0 -0.5141027490956079 0.8577286070618949
    outer loop
      vertex -4.6 15.46106781363487 30.052835354208945
      vertex 1 15.46106781363487 30.052835354208945
      vertex 1 15.709379623830316 30.20166772753
    endloop
  endfacet
  facet normal 0 -0.42755508731319725 0.9039892960166089
    outer loop
      vertex -4.6 15.709379623830316 30.20166772753
      vertex 1 15.709379623830316 30.20166772753
      vertex 1 15.971083875000474 30.32544461786747
    endloop
  endfacet
  facet normal 0 -0.336889870575239 0.9415440590348381
    outer loop
      vertex -4.6 15.971083875000474 30.32544461786747
      vertex 1 15.971083875000474 30.32544461786747
      vertex 1 16.24366019964218 30.422973991930483
    endloop
  endfacet
  facet normal 0 -0.24298017393590077 0.9700312546892906
    outer loop
      vertex -4.6 16.24366019964218 30.422973991930483
      vertex 1 16.24366019964218 30.422973991930483
      vertex 1 16.524483549594876 30.493316577374934
    endloop
  endfacet
  facet normal 0 -0.14673047696410185 0.9891765095926445
    outer loop
      vertex -4.6 16.524483549594876 30.493316577374934
      vertex 1 16.524483549594876 30.493316577374934
      vertex 1 16.81084943860769 30.535794945061205
    endloop
  endfacet
  facet normal -7.350392479582029e-21 -0.049067665384593256 0.9987954566445051
    outer loop
      vertex 1 16.81084943860769 30.535794945061205
      vertex 1 17.00024076368836 30.545099142536255
      vertex -4.6 17.00024076368836 30.545099142536255
    endloop
  endfacet
  facet normal 1 0 0
    outer loop
      vertex 1 14.206683422625062 28.17551645040512
      vertex 1 18.215787505300202 28.52158109199878
      vertex 1 14.277026008069512 28.456339800357817
    endloop
  endfacet
  facet normal 1 0 0
    outer loop
      vertex 1 14.277026008069512 28.456339800357817
      vertex 1 17.840895446423612 28.772075957265702
      vertex 1 14.374555382132527 28.72891612499952
    endloop
  endfacet
  facet normal 1 0 0
    outer loop
      vertex 1 14.374555382132527 28.72891612499952
      vertex 1 17.673654403270938 28.923654403270938
      vertex 1 14.498332272469995 28.99062037616968
    endloop
  endfacet
  facet normal 1 0 0
    outer loop
      vertex 1 14.498332272469995 28.99062037616968
      vertex 1 17.522075957265702 29.090895446423612
      vertex 1 14.647164645791051 29.238932186365126
    endloop
  endfacet
  facet normal 1 0 0
    outer loop
      vertex 1 14.647164645791051 29.238932186365126
      vertex 1 17.27158109199878 29.465787505300202
      vertex 1 14.81961915940046 29.47146018743515
    endloop
  endfacet
  facet normal 1 0 0
    outer loop
      vertex 1 14.81961915940046 29.47146018743515
      vertex 1 17.17507707522404 29.669828105560292
      vertex 1 15.014034996926782 29.685965003073214
    endloop
  endfacet
  facet normal 1 0 0
    outer loop
      vertex 1 15.014034996926782 29.685965003073214
      vertex 1 17.099037227815916 29.882345242314734
      vertex 1 15.228539812564847 29.880380840599535
    endloop
  endfacet
  facet normal 1 0 0
    outer loop
      vertex 1 15.228539812564847 29.880380840599535
      vertex 1 17.044193855072567 30.101292259362904
      vertex 1 15.46106781363487 30.052835354208945
    endloop
  endfacet
  facet normal 1 0 0
    outer loop
      vertex 1 14.150000001490113 27.199999997019766
      vertex 1 24.44999999850988 27.60000000298023
      vertex 1 14.150000001490113 27.60000000298023
    endloop
  endfacet
  facet normal 1 0 0
    outer loop
      vertex 1 14.150000001490113 27.60000000298023
      vertex 1 24.435794945061204 27.889150561392306
      vertex 1 14.16420505493879 27.889150561392306
    endloop
  endfacet
  facet normal 1 0 0
    outer loop
      vertex 1 14.206683422625062 28.17551645040512
      vertex 1 18.419828105560292 28.42507707522404
      vertex 1 18.215787505300202 28.52158109199878
    endloop
  endfacet
  facet normal 1 0 0
    outer loop
      vertex 1 14.277026008069512 28.456339800357817
      vertex 1 18.215787505300202 28.52158109199878
      vertex 1 18.022188464054913 28.637619891704144
    endloop
  endfacet
  facet normal 1 0 0
    outer loop
      vertex 1 14.206683422625062 28.17551645040512
      vertex 1 18.632345242314734 28.349037227815916
      vertex 1 18.419828105560292 28.42507707522404
    endloop
  endfacet
  facet normal 1 0 0
    outer loop
      vertex 1 14.206683422625062 28.17551645040512
      vertex 1 18.851292259362904 28.294193855072567
      vertex 1 18.632345242314734 28.349037227815916
    endloop
  endfacet
  facet normal 1 0 0
    outer loop
      vertex 1 14.206683422625062 28.17551645040512
      vertex 1 19.074560577242007 28.261075128653943
      vertex 1 18.851292259362904 28.294193855072567
    endloop
  endfacet
  facet normal 1 0 0
    outer loop
      vertex 1 14.16420505493879 27.889150561392306
      vertex 1 24.393316577374932 28.17551645040512
      vertex 1 14.206683422625062 28.17551645040512
    endloop
  endfacet
  facet normal 1 0 0
    outer loop
      vertex 1 14.206683422625062 28.17551645040512
      vertex 1 19.299999999999997 28.249999999999996
      vertex 1 19.074560577242007 28.261075128653943
    endloop
  endfacet
  facet normal 1 0 0
    outer loop
      vertex 1 14.277026008069512 28.456339800357817
      vertex 1 18.022188464054913 28.637619891704144
      vertex 1 17.840895446423612 28.772075957265702
    endloop
  endfacet
  facet normal 1 0 0
    outer loop
      vertex 1 14.374555382132527 28.72891612499952
      vertex 1 17.840895446423612 28.772075957265702
      vertex 1 17.673654403270938 28.923654403270938
    endloop
  endfacet
  facet normal 1 0 0
    outer loop
      vertex 1 14.498332272469995 28.99062037616968
      vertex 1 17.673654403270938 28.923654403270938
      vertex 1 17.522075957265702 29.090895446423612
    endloop
  endfacet
  facet normal 1 0 0
    outer loop
      vertex 1 14.647164645791051 29.238932186365126
      vertex 1 17.387619891704144 29.272188464054913
      vertex 1 17.27158109199878 29.465787505300202
    endloop
  endfacet
  facet normal 1 0 0
    outer loop
      vertex 1 14.647164645791051 29.238932186365126
      vertex 1 17.522075957265702 29.090895446423612
      vertex 1 17.387619891704144 29.272188464054913
    endloop
  endfacet
  facet normal 1 0 0
    outer loop
      vertex 1 14.81961915940046 29.47146018743515
      vertex 1 17.27158109199878 29.465787505300202
      vertex 1 17.17507707522404 29.669828105560292
    endloop
  endfacet
  facet normal 1 0 0
    outer loop
      vertex 1 15.014034996926782 29.685965003073214
      vertex 1 17.17507707522404 29.669828105560292
      vertex 1 17.099037227815916 29.882345242314734
    endloop
  endfacet
  facet normal 1 0 0
    outer loop
      vertex 1 15.46106781363487 30.052835354208945
      vertex 1 17.044193855072567 30.101292259362904
      vertex 1 15.709379623830316 30.20166772753
    endloop
  endfacet
  facet normal 1 0 0
    outer loop
      vertex 1 15.709379623830316 30.20166772753
      vertex 1 17.011075128653943 30.324560577242007
      vertex 1 15.971083875000474 30.32544461786747
    endloop
  endfacet
  facet normal 1 0 0
    outer loop
      vertex 1 15.228539812564847 29.880380840599535
      vertex 1 17.099037227815916 29.882345242314734
      vertex 1 17.044193855072567 30.101292259362904
    endloop
  endfacet
  facet normal 1 0 0
    outer loop
      vertex 1 15.709379623830316 30.20166772753
      vertex 1 17.044193855072567 30.101292259362904
      vertex 1 17.011075128653943 30.324560577242007
    endloop
  endfacet
  facet normal 1 0 0
    outer loop
      vertex 1 15.971083875000474 30.32544461786747
      vertex 1 17.00024076368836 30.545099142536255
      vertex 1 16.24366019964218 30.422973991930483
    endloop
  endfacet
  facet normal 1 0 0
    outer loop
      vertex 1 15.971083875000474 30.32544461786747
      vertex 1 17.011075128653943 30.324560577242007
      vertex 1 17.00024076368836 30.545099142536255
    endloop
  endfacet
  facet normal 1 0 0
    outer loop
      vertex 1 16.24366019964218 30.422973991930483
      vertex 1 17.00024076368836 30.545099142536255
      vertex 1 16.524483549594876 30.493316577374934
    endloop
  endfacet
  facet normal 1 0 0
    outer loop
      vertex 1 16.524483549594876 30.493316577374934
      vertex 1 17.00024076368836 30.545099142536255
      vertex 1 16.81084943860769 30.535794945061205
    endloop
  endfacet
  facet normal 0 0 -1
    outer loop
      vertex -4.6 21.50000000298023 24.250000001490115
      vertex 1 21.50000000298023 24.250000001490115
      vertex 1 17.099999997019765 24.250000001490115
    endloop
  endfacet
  facet normal 0 0.0490676653845899 -0.9987954566445053
    outer loop
      vertex -4.6 21.789150561392304 24.26420505493879
      vertex 1 21.789150561392304 24.26420505493879
      vertex 1 21.50000000298023 24.250000001490115
    endloop
  endfacet
  facet normal 0 0.14673047696410185 -0.9891765095926445
    outer loop
      vertex -4.6 22.075516450405118 24.306683422625063
      vertex 1 22.075516450405118 24.306683422625063
      vertex 1 21.789150561392304 24.26420505493879
    endloop
  endfacet
  facet normal 0 0.24298017393590077 -0.9700312546892906
    outer loop
      vertex -4.6 22.356339800357816 24.377026008069514
      vertex 1 22.356339800357816 24.377026008069514
      vertex 1 22.075516450405118 24.306683422625063
    endloop
  endfacet
  facet normal 0 0.336889870575239 -0.9415440590348381
    outer loop
      vertex -4.6 22.62891612499952 24.47455538213253
      vertex 1 22.62891612499952 24.47455538213253
      vertex 1 22.356339800357816 24.377026008069514
    endloop
  endfacet
  facet normal 0 0.42755508731319725 -0.9039892960166089
    outer loop
      vertex -4.6 22.89062037616968 24.598332272469996
      vertex 1 22.89062037616968 24.598332272469996
      vertex 1 22.62891612499952 24.47455538213253
    endloop
  endfacet
  facet normal 0 0.5141027490956079 -0.8577286070618949
    outer loop
      vertex -4.6 23.138932186365125 24.747164645791052
      vertex 1 23.138932186365125 24.747164645791052
      vertex 1 22.89062037616968 24.598332272469996
    endloop
  endfacet
  facet normal 0 0.5956992924414621 -0.8032075404182542
    outer loop
      vertex -4.6 23.371460187435147 24.91961915940046
      vertex 1 23.371460187435147 24.91961915940046
      vertex 1 23.138932186365125 24.747164645791052
    endloop
  endfacet
  facet normal 0 0.6715589645789767 -0.7409511165344261
    outer loop
      vertex -4.6 23.585965003073213 25.114034996926783
      vertex 1 23.585965003073213 25.114034996926783
      vertex 1 23.371460187435147 24.91961915940046
    endloop
  endfacet
  facet normal 0 0.7409511165344261 -0.6715589645789767
    outer loop
      vertex -4.6 23.780380840599534 25.32853981256485
      vertex 1 23.780380840599534 25.32853981256485
      vertex 1 23.585965003073213 25.114034996926783
    endloop
  endfacet
  facet normal 0 0.8032075404182542 -0.5956992924414621
    outer loop
      vertex -4.6 23.952835354208943 25.56106781363487
      vertex 1 23.952835354208943 25.56106781363487
      vertex 1 23.780380840599534 25.32853981256485
    endloop
  endfacet
  facet normal 0 0.8577286070618949 -0.5141027490956079
    outer loop
      vertex -4.6 24.10166772753 25.809379623830317
      vertex 1 24.10166772753 25.809379623830317
      vertex 1 23.952835354208943 25.56106781363487
    endloop
  endfacet
  facet normal 0 0.9039892960166089 -0.42755508731319725
    outer loop
      vertex -4.6 24.225444617867467 26.071083875000475
      vertex 1 24.225444617867467 26.071083875000475
      vertex 1 24.10166772753 25.809379623830317
    endloop
  endfacet
  facet normal 0 0.9415440590348381 -0.336889870575239
    outer loop
      vertex -4.6 24.322973991930482 26.34366019964218
      vertex 1 24.322973991930482 26.34366019964218
      vertex 1 24.225444617867467 26.071083875000475
    endloop
  endfacet
  facet normal 0 0.9700312546892906 -0.24298017393590077
    outer loop
      vertex -4.6 24.393316577374932 26.624483549594878
      vertex 1 24.393316577374932 26.624483549594878
      vertex 1 24.322973991930482 26.34366019964218
    endloop
  endfacet
  facet normal 0 0.9891765095926445 -0.14673047696410185
    outer loop
      vertex -4.6 24.435794945061204 26.91084943860769
      vertex 1 24.435794945061204 26.91084943860769
      vertex 1 24.393316577374932 26.624483549594878
    endloop
  endfacet
  facet normal 0 0.9987954566445053 -0.0490676653845899
    outer loop
      vertex -4.6 24.44999999850988 27.199999997019766
      vertex 1 24.44999999850988 27.199999997019766
      vertex 1 24.435794945061204 26.91084943860769
    endloop
  endfacet
  facet normal 1 0 0
    outer loop
      vertex 1 17.099999997019765 24.250000001490115
      vertex 1 21.50000000298023 24.250000001490115
      vertex 1 21.789150561392304 24.26420505493879
    endloop
  endfacet
  facet normal 1 0 0
    outer loop
      vertex 1 16.81084943860769 24.26420505493879
      vertex 1 21.789150561392304 24.26420505493879
      vertex 1 22.075516450405118 24.306683422625063
    endloop
  endfacet
  facet normal 1 0 0
    outer loop
      vertex 1 16.524483549594876 24.306683422625063
      vertex 1 22.075516450405118 24.306683422625063
      vertex 1 22.356339800357816 24.377026008069514
    endloop
  endfacet
  facet normal 1 0 0
    outer loop
      vertex 1 16.24366019964218 24.377026008069514
      vertex 1 22.356339800357816 24.377026008069514
      vertex 1 22.62891612499952 24.47455538213253
    endloop
  endfacet
  facet normal 1 0 0
    outer loop
      vertex 1 15.971083875000474 24.47455538213253
      vertex 1 22.62891612499952 24.47455538213253
      vertex 1 22.89062037616968 24.598332272469996
    endloop
  endfacet
  facet normal 1 0 0
    outer loop
      vertex 1 15.709379623830316 24.598332272469996
      vertex 1 22.89062037616968 24.598332272469996
      vertex 1 23.138932186365125 24.747164645791052
    endloop
  endfacet
  facet normal 1 0 0
    outer loop
      vertex 1 15.46106781363487 24.747164645791052
      vertex 1 23.138932186365125 24.747164645791052
      vertex 1 23.371460187435147 24.91961915940046
    endloop
  endfacet
  facet normal 1 0 0
    outer loop
      vertex 1 15.228539812564847 24.91961915940046
      vertex 1 23.371460187435147 24.91961915940046
      vertex 1 23.585965003073213 25.114034996926783
    endloop
  endfacet
  facet normal 1 0 0
    outer loop
      vertex 1 15.014034996926782 25.114034996926783
      vertex 1 23.585965003073213 25.114034996926783
      vertex 1 23.780380840599534 25.32853981256485
    endloop
  endfacet
  facet normal 1 0 0
    outer loop
      vertex 1 14.81961915940046 25.32853981256485
      vertex 1 23.780380840599534 25.32853981256485
      vertex 1 23.952835354208943 25.56106781363487
    endloop
  endfacet
  facet normal 1 0 0
    outer loop
      vertex 1 14.647164645791051 25.56106781363487
      vertex 1 23.952835354208943 25.56106781363487
      vertex 1 24.10166772753 25.809379623830317
    endloop
  endfacet
  facet normal 1 0 0
    outer loop
      vertex 1 14.498332272469995 25.809379623830317
      vertex 1 24.10166772753 25.809379623830317
      vertex 1 24.225444617867467 26.071083875000475
    endloop
  endfacet
  facet normal 1 0 0
    outer loop
      vertex 1 14.374555382132527 26.071083875000475
      vertex 1 24.225444617867467 26.071083875000475
      vertex 1 24.322973991930482 26.34366019964218
    endloop
  endfacet
  facet normal 1 0 0
    outer loop
      vertex 1 14.277026008069512 26.34366019964218
      vertex 1 24.322973991930482 26.34366019964218
      vertex 1 24.393316577374932 26.624483549594878
    endloop
  endfacet
  facet normal 1 0 0
    outer loop
      vertex 1 14.206683422625062 26.624483549594878
      vertex 1 24.393316577374932 26.624483549594878
      vertex 1 24.435794945061204 26.91084943860769
    endloop
  endfacet
  facet normal 1 0 0
    outer loop
      vertex 1 14.16420505493879 26.91084943860769
      vertex 1 24.435794945061204 26.91084943860769
      vertex 1 24.44999999850988 27.199999997019766
    endloop
  endfacet
  facet normal 1 0 0
    outer loop
      vertex 1 14.150000001490113 27.199999997019766
      vertex 1 24.44999999850988 27.199999997019766
      vertex 1 24.44999999850988 27.60000000298023
    endloop
  endfacet
  facet normal 0 0.049067665384593256 0.9987954566445051
    outer loop
      vertex -4.6 21.789150561392304 30.535794945061205
      vertex 1 21.599759236311634 30.545099142536255
      vertex 1 21.789150561392304 30.535794945061205
    endloop
  endfacet
  facet normal 0 0.14673047696410185 0.9891765095926445
    outer loop
      vertex -4.6 21.789150561392304 30.535794945061205
      vertex 1 21.789150561392304 30.535794945061205
      vertex 1 22.075516450405118 30.493316577374934
    endloop
  endfacet
  facet normal 0 0.24298017393590077 0.9700312546892906
    outer loop
      vertex -4.6 22.075516450405118 30.493316577374934
      vertex 1 22.075516450405118 30.493316577374934
      vertex 1 22.356339800357816 30.422973991930483
    endloop
  endfacet
  facet normal 0 0.336889870575239 0.9415440590348381
    outer loop
      vertex -4.6 22.356339800357816 30.422973991930483
      vertex 1 22.356339800357816 30.422973991930483
      vertex 1 22.62891612499952 30.32544461786747
    endloop
  endfacet
  facet normal 0 0.9700312546892906 0.24298017393590077
    outer loop
      vertex -4.6 24.322973991930482 28.456339800357817
      vertex 1 24.322973991930482 28.456339800357817
      vertex 1 24.393316577374932 28.17551645040512
    endloop
  endfacet
  facet normal 0 0.9415440590348381 0.336889870575239
    outer loop
      vertex -4.6 24.225444617867467 28.72891612499952
      vertex 1 24.225444617867467 28.72891612499952
      vertex 1 24.322973991930482 28.456339800357817
    endloop
  endfacet
  facet normal 0 0.9039892960166089 0.42755508731319725
    outer loop
      vertex -4.6 24.10166772753 28.99062037616968
      vertex 1 24.10166772753 28.99062037616968
      vertex 1 24.225444617867467 28.72891612499952
    endloop
  endfacet
  facet normal 0 0.8577286070618949 0.5141027490956079
    outer loop
      vertex -4.6 23.952835354208943 29.238932186365126
      vertex 1 23.952835354208943 29.238932186365126
      vertex 1 24.10166772753 28.99062037616968
    endloop
  endfacet
  facet normal 0 0.8032075404182542 0.5956992924414621
    outer loop
      vertex -4.6 23.780380840599534 29.47146018743515
      vertex 1 23.780380840599534 29.47146018743515
      vertex 1 23.952835354208943 29.238932186365126
    endloop
  endfacet
  facet normal 0 0.7409511165344261 0.6715589645789767
    outer loop
      vertex -4.6 23.585965003073213 29.685965003073214
      vertex 1 23.585965003073213 29.685965003073214
      vertex 1 23.780380840599534 29.47146018743515
    endloop
  endfacet
  facet normal 0 1 0
    outer loop
      vertex -4.6 24.44999999850988 27.60000000298023
      vertex 1 24.44999999850988 27.60000000298023
      vertex 1 24.44999999850988 27.199999997019766
    endloop
  endfacet
  facet normal 0 0.9987954566445053 0.0490676653845899
    outer loop
      vertex -4.6 24.435794945061204 27.889150561392306
      vertex 1 24.435794945061204 27.889150561392306
      vertex 1 24.44999999850988 27.60000000298023
    endloop
  endfacet
  facet normal 0 0.9891765095926445 0.14673047696410185
    outer loop
      vertex -4.6 24.393316577374932 28.17551645040512
      vertex 1 24.393316577374932 28.17551645040512
      vertex 1 24.435794945061204 27.889150561392306
    endloop
  endfacet
  facet normal 0 0.42755508731319725 0.9039892960166089
    outer loop
      vertex -4.6 22.62891612499952 30.32544461786747
      vertex 1 22.62891612499952 30.32544461786747
      vertex 1 22.89062037616968 30.20166772753
    endloop
  endfacet
  facet normal 0 0.5141027490956079 0.8577286070618949
    outer loop
      vertex -4.6 22.89062037616968 30.20166772753
      vertex 1 22.89062037616968 30.20166772753
      vertex 1 23.138932186365125 30.052835354208945
    endloop
  endfacet
  facet normal 0 0.5956992924414621 0.8032075404182542
    outer loop
      vertex -4.6 23.138932186365125 30.052835354208945
      vertex 1 23.138932186365125 30.052835354208945
      vertex 1 23.371460187435147 29.880380840599535
    endloop
  endfacet
  facet normal 0 0.6715589645789767 0.7409511165344261
    outer loop
      vertex -4.6 23.371460187435147 29.880380840599535
      vertex 1 23.371460187435147 29.880380840599535
      vertex 1 23.585965003073213 29.685965003073214
    endloop
  endfacet
  facet normal 1 0 0
    outer loop
      vertex 1 14.206683422625062 28.17551645040512
      vertex 1 24.393316577374932 28.17551645040512
      vertex 1 19.299999999999997 28.249999999999996
    endloop
  endfacet
  facet normal 1 0 0
    outer loop
      vertex 1 14.150000001490113 27.60000000298023
      vertex 1 24.44999999850988 27.60000000298023
      vertex 1 24.435794945061204 27.889150561392306
    endloop
  endfacet
  facet normal 1 0 0
    outer loop
      vertex 1 14.16420505493879 27.889150561392306
      vertex 1 24.435794945061204 27.889150561392306
      vertex 1 24.393316577374932 28.17551645040512
    endloop
  endfacet
  facet normal 1 0 0
    outer loop
      vertex 1 24.393316577374932 28.17551645040512
      vertex 1 19.525439422757987 28.261075128653943
      vertex 1 19.299999999999997 28.249999999999996
    endloop
  endfacet
  facet normal 1 0 0
    outer loop
      vertex 1 24.393316577374932 28.17551645040512
      vertex 1 19.74870774063709 28.294193855072567
      vertex 1 19.525439422757987 28.261075128653943
    endloop
  endfacet
  facet normal 1 0 0
    outer loop
      vertex 1 24.322973991930482 28.456339800357817
      vertex 1 19.96765475768526 28.349037227815916
      vertex 1 19.74870774063709 28.294193855072567
    endloop
  endfacet
  facet normal 1 0 0
    outer loop
      vertex 1 24.322973991930482 28.456339800357817
      vertex 1 20.180171894439702 28.42507707522404
      vertex 1 19.96765475768526 28.349037227815916
    endloop
  endfacet
  facet normal 1 0 0
    outer loop
      vertex 1 24.322973991930482 28.456339800357817
      vertex 1 20.384212494699792 28.52158109199878
      vertex 1 20.180171894439702 28.42507707522404
    endloop
  endfacet
  facet normal 1 0 0
    outer loop
      vertex 1 24.225444617867467 28.72891612499952
      vertex 1 20.57781153594508 28.637619891704144
      vertex 1 20.384212494699792 28.52158109199878
    endloop
  endfacet
  facet normal 1 0 0
    outer loop
      vertex 1 24.225444617867467 28.72891612499952
      vertex 1 20.759104553576382 28.772075957265702
      vertex 1 20.57781153594508 28.637619891704144
    endloop
  endfacet
  facet normal 1 0 0
    outer loop
      vertex 1 24.10166772753 28.99062037616968
      vertex 1 20.926345596729057 28.923654403270938
      vertex 1 20.759104553576382 28.772075957265702
    endloop
  endfacet
  facet normal 1 0 0
    outer loop
      vertex 1 24.10166772753 28.99062037616968
      vertex 1 21.077924042734292 29.090895446423612
      vertex 1 20.926345596729057 28.923654403270938
    endloop
  endfacet
  facet normal 1 0 0
    outer loop
      vertex 1 23.780380840599534 29.47146018743515
      vertex 1 21.21238010829585 29.272188464054913
      vertex 1 21.077924042734292 29.090895446423612
    endloop
  endfacet
  facet normal 1 0 0
    outer loop
      vertex 1 23.780380840599534 29.47146018743515
      vertex 1 21.328418908001215 29.465787505300202
      vertex 1 21.21238010829585 29.272188464054913
    endloop
  endfacet
  facet normal 1 0 0
    outer loop
      vertex 1 23.585965003073213 29.685965003073214
      vertex 1 21.424922924775956 29.669828105560292
      vertex 1 21.328418908001215 29.465787505300202
    endloop
  endfacet
  facet normal 1 0 0
    outer loop
      vertex 1 21.789150561392304 30.535794945061205
      vertex 1 21.599759236311634 30.545099142536255
      vertex 1 21.58892487134605 30.324560577242007
    endloop
  endfacet
  facet normal 1 0 0
    outer loop
      vertex 1 21.789150561392304 30.535794945061205
      vertex 1 21.58892487134605 30.324560577242007
      vertex 1 22.075516450405118 30.493316577374934
    endloop
  endfacet
  facet normal 1 0 0
    outer loop
      vertex 1 23.138932186365125 30.052835354208945
      vertex 1 21.500962772184078 29.882345242314734
      vertex 1 21.424922924775956 29.669828105560292
    endloop
  endfacet
  facet normal 1 0 0
    outer loop
      vertex 1 22.89062037616968 30.20166772753
      vertex 1 21.555806144927427 30.101292259362904
      vertex 1 21.500962772184078 29.882345242314734
    endloop
  endfacet
  facet normal 1 0 0
    outer loop
      vertex 1 22.62891612499952 30.32544461786747
      vertex 1 21.58892487134605 30.324560577242007
      vertex 1 21.555806144927427 30.101292259362904
    endloop
  endfacet
  facet normal 1 0 0
    outer loop
      vertex 1 22.62891612499952 30.32544461786747
      vertex 1 22.356339800357816 30.422973991930483
      vertex 1 21.58892487134605 30.324560577242007
    endloop
  endfacet
  facet normal 1 0 0
    outer loop
      vertex 1 23.138932186365125 30.052835354208945
      vertex 1 21.424922924775956 29.669828105560292
      vertex 1 23.371460187435147 29.880380840599535
    endloop
  endfacet
  facet normal 1 0 0
    outer loop
      vertex 1 22.89062037616968 30.20166772753
      vertex 1 21.500962772184078 29.882345242314734
      vertex 1 23.138932186365125 30.052835354208945
    endloop
  endfacet
  facet normal 1 0 0
    outer loop
      vertex 1 22.62891612499952 30.32544461786747
      vertex 1 21.555806144927427 30.101292259362904
      vertex 1 22.89062037616968 30.20166772753
    endloop
  endfacet
  facet normal 1 0 0
    outer loop
      vertex 1 22.075516450405118 30.493316577374934
      vertex 1 21.58892487134605 30.324560577242007
      vertex 1 22.356339800357816 30.422973991930483
    endloop
  endfacet
  facet normal 1 0 0
    outer loop
      vertex 1 24.322973991930482 28.456339800357817
      vertex 1 19.74870774063709 28.294193855072567
      vertex 1 24.393316577374932 28.17551645040512
    endloop
  endfacet
  facet normal 1 0 0
    outer loop
      vertex 1 24.322973991930482 28.456339800357817
      vertex 1 24.225444617867467 28.72891612499952
      vertex 1 20.384212494699792 28.52158109199878
    endloop
  endfacet
  facet normal 1 0 0
    outer loop
      vertex 1 24.225444617867467 28.72891612499952
      vertex 1 24.10166772753 28.99062037616968
      vertex 1 20.759104553576382 28.772075957265702
    endloop
  endfacet
  facet normal 1 0 0
    outer loop
      vertex 1 24.10166772753 28.99062037616968
      vertex 1 23.952835354208943 29.238932186365126
      vertex 1 21.077924042734292 29.090895446423612
    endloop
  endfacet
  facet normal 1 0 0
    outer loop
      vertex 1 23.780380840599534 29.47146018743515
      vertex 1 21.077924042734292 29.090895446423612
      vertex 1 23.952835354208943 29.238932186365126
    endloop
  endfacet
  facet normal 1 0 0
    outer loop
      vertex 1 23.585965003073213 29.685965003073214
      vertex 1 23.371460187435147 29.880380840599535
      vertex 1 21.424922924775956 29.669828105560292
    endloop
  endfacet
  facet normal 1 0 0
    outer loop
      vertex 1 23.780380840599534 29.47146018743515
      vertex 1 23.585965003073213 29.685965003073214
      vertex 1 21.328418908001215 29.465787505300202
    endloop
  endfacet
  facet normal 0 -0.7409511057814068 -0.6715589764431048
    outer loop
      vertex -6 12.890484321117398 23.198410072922705
      vertex -6 12.98933983147144 23.08933983147144
      vertex -4.6 12.890484321117398 23.198410072922705
    endloop
  endfacet
  facet normal 0 -0.5141027780042696 -0.8577285897347089
    outer loop
      vertex -6 13.216644647717473 22.902795584499835
      vertex -6 13.342904891073701 22.827118100225924
      vertex -4.6 13.216644647717473 22.902795584499835
    endloop
  endfacet
  facet normal 0 -0.4275550731976791 -0.9039893026927517
    outer loop
      vertex -6 13.342904891073701 22.827118100225924
      vertex -6 13.475974853336808 22.76418069899082
      vertex -4.6 13.342904891073701 22.827118100225924
    endloop
  endfacet
  facet normal 0 -0.6715589764431048 -0.7409511057814068
    outer loop
      vertex -6 12.98933983147144 23.08933983147144
      vertex -6 13.098410072922704 22.9904843211174
      vertex -4.6 12.98933983147144 23.08933983147144
    endloop
  endfacet
  facet normal 0 -0.5956993028830408 -0.8032075326742516
    outer loop
      vertex -6 13.216644647717473 22.902795584499835
      vertex -4.6 13.098410072922704 22.9904843211174
      vertex -6 13.098410072922704 22.9904843211174
    endloop
  endfacet
  facet normal 0 -0.8577285897347089 -0.5141027780042696
    outer loop
      vertex -6 12.727118100225923 23.442904891073702
      vertex -6 12.802795584499833 23.316644647717474
      vertex -4.6 12.727118100225923 23.442904891073702
    endloop
  endfacet
  facet normal 0 -0.9039893026927517 -0.4275550731976791
    outer loop
      vertex -6 12.727118100225923 23.442904891073702
      vertex -4.6 12.664180698990819 23.57597485333681
      vertex -6 12.664180698990819 23.57597485333681
    endloop
  endfacet
  facet normal 0 -0.8032075326742516 -0.5956993028830408
    outer loop
      vertex -6 12.890484321117398 23.198410072922705
      vertex -4.6 12.802795584499833 23.316644647717474
      vertex -6 12.802795584499833 23.316644647717474
    endloop
  endfacet
  facet normal 0 -0.9415440599260391 -0.33688986808449944
    outer loop
      vertex -6 12.664180698990819 23.57597485333681
      vertex -4.6 12.614589492976663 23.71457298249006
      vertex -6 12.614589492976663 23.71457298249006
    endloop
  endfacet
  facet normal 0 -0.9700312581757379 -0.2429801600172223
    outer loop
      vertex -6 12.614589492976663 23.71457298249006
      vertex -4.6 12.578822079300878 23.8573645144701
      vertex -6 12.578822079300878 23.8573645144701
    endloop
  endfacet
  facet normal 0 -0.33688986808449944 -0.9415440599260391
    outer loop
      vertex -6 13.475974853336808 22.76418069899082
      vertex -6 13.61457298249006 22.714589492976664
      vertex -4.6 13.475974853336808 22.76418069899082
    endloop
  endfacet
  facet normal 0 -0.2429801600172223 -0.9700312581757379
    outer loop
      vertex -6 13.61457298249006 22.714589492976664
      vertex -6 13.757364514470098 22.67882207930088
      vertex -4.6 13.61457298249006 22.714589492976664
    endloop
  endfacet
  facet normal 0 -0.14673045131624154 -0.9891765133971449
    outer loop
      vertex -6 13.757364514470098 22.67882207930088
      vertex -6 13.902974288165566 22.657222913205622
      vertex -4.6 13.757364514470098 22.67882207930088
    endloop
  endfacet
  facet normal 0 -0.04906769566193293 -0.9987954551570747
    outer loop
      vertex -6 13.902974288165566 22.657222913205622
      vertex -6 14.049999999999997 22.65
      vertex -4.6 13.902974288165566 22.657222913205622
    endloop
  endfacet
  facet normal 0 -0.9891765133971449 -0.14673045131624154
    outer loop
      vertex -6 12.578822079300878 23.8573645144701
      vertex -4.6 12.55722291320562 24.002974288165568
      vertex -6 12.55722291320562 24.002974288165568
    endloop
  endfacet
  facet normal 0 -0.9987954551570747 -0.04906769566193293
    outer loop
      vertex -6 12.55722291320562 24.002974288165568
      vertex -4.6 12.549999999999997 24.15
      vertex -6 12.549999999999997 24.15
    endloop
  endfacet
  facet normal 0 -0.8032075326742516 -0.5956993028830408
    outer loop
      vertex -6 12.890484321117398 23.198410072922705
      vertex -4.6 12.890484321117398 23.198410072922705
      vertex -4.6 12.802795584499833 23.316644647717474
    endloop
  endfacet
  facet normal 0 -0.7409511057814068 -0.6715589764431048
    outer loop
      vertex -6 12.98933983147144 23.08933983147144
      vertex -4.6 12.98933983147144 23.08933983147144
      vertex -4.6 12.890484321117398 23.198410072922705
    endloop
  endfacet
  facet normal 0 -0.5956993028830408 -0.8032075326742516
    outer loop
      vertex -6 13.216644647717473 22.902795584499835
      vertex -4.6 13.216644647717473 22.902795584499835
      vertex -4.6 13.098410072922704 22.9904843211174
    endloop
  endfacet
  facet normal 0 -0.5141027780042696 -0.8577285897347089
    outer loop
      vertex -6 13.342904891073701 22.827118100225924
      vertex -4.6 13.342904891073701 22.827118100225924
      vertex -4.6 13.216644647717473 22.902795584499835
    endloop
  endfacet
  facet normal 0 -0.6715589764431048 -0.7409511057814068
    outer loop
      vertex -6 13.098410072922704 22.9904843211174
      vertex -4.6 13.098410072922704 22.9904843211174
      vertex -4.6 12.98933983147144 23.08933983147144
    endloop
  endfacet
  facet normal 0 -0.9039893026927517 -0.4275550731976791
    outer loop
      vertex -6 12.727118100225923 23.442904891073702
      vertex -4.6 12.727118100225923 23.442904891073702
      vertex -4.6 12.664180698990819 23.57597485333681
    endloop
  endfacet
  facet normal 0 -0.8577285897347089 -0.5141027780042696
    outer loop
      vertex -6 12.802795584499833 23.316644647717474
      vertex -4.6 12.802795584499833 23.316644647717474
      vertex -4.6 12.727118100225923 23.442904891073702
    endloop
  endfacet
  facet normal 0 -0.9415440599260391 -0.33688986808449944
    outer loop
      vertex -6 12.664180698990819 23.57597485333681
      vertex -4.6 12.664180698990819 23.57597485333681
      vertex -4.6 12.614589492976663 23.71457298249006
    endloop
  endfacet
  facet normal 0 -0.9700312581757379 -0.2429801600172223
    outer loop
      vertex -6 12.614589492976663 23.71457298249006
      vertex -4.6 12.614589492976663 23.71457298249006
      vertex -4.6 12.578822079300878 23.8573645144701
    endloop
  endfacet
  facet normal 0 -0.4275550731976791 -0.9039893026927517
    outer loop
      vertex -6 13.475974853336808 22.76418069899082
      vertex -4.6 13.475974853336808 22.76418069899082
      vertex -4.6 13.342904891073701 22.827118100225924
    endloop
  endfacet
  facet normal 0 -0.33688986808449944 -0.9415440599260391
    outer loop
      vertex -6 13.61457298249006 22.714589492976664
      vertex -4.6 13.61457298249006 22.714589492976664
      vertex -4.6 13.475974853336808 22.76418069899082
    endloop
  endfacet
  facet normal 0 -0.2429801600172223 -0.9700312581757379
    outer loop
      vertex -6 13.757364514470098 22.67882207930088
      vertex -4.6 13.757364514470098 22.67882207930088
      vertex -4.6 13.61457298249006 22.714589492976664
    endloop
  endfacet
  facet normal 0 -0.14673045131624154 -0.9891765133971449
    outer loop
      vertex -6 13.902974288165566 22.657222913205622
      vertex -4.6 13.902974288165566 22.657222913205622
      vertex -4.6 13.757364514470098 22.67882207930088
    endloop
  endfacet
  facet normal 0 -0.04906769566193293 -0.9987954551570747
    outer loop
      vertex -6 14.049999999999997 22.65
      vertex -4.6 14.049999999999997 22.65
      vertex -4.6 13.902974288165566 22.657222913205622
    endloop
  endfacet
  facet normal 0 -0.9891765133971449 -0.14673045131624154
    outer loop
      vertex -6 12.578822079300878 23.8573645144701
      vertex -4.6 12.578822079300878 23.8573645144701
      vertex -4.6 12.55722291320562 24.002974288165568
    endloop
  endfacet
  facet normal 0 -0.9987954551570747 -0.04906769566193293
    outer loop
      vertex -6 12.55722291320562 24.002974288165568
      vertex -4.6 12.55722291320562 24.002974288165568
      vertex -4.6 12.549999999999997 24.15
    endloop
  endfacet
  facet normal 1 0 0
    outer loop
      vertex -4.6 12.549999999999997 24.15
      vertex -4.6 14.81961915940046 25.32853981256485
      vertex -4.6 14.647164645791051 25.56106781363487
    endloop
  endfacet
  facet normal 1 0 0
    outer loop
      vertex -4.6 12.549999999999997 24.15
      vertex -4.6 15.014034996926782 25.114034996926783
      vertex -4.6 14.81961915940046 25.32853981256485
    endloop
  endfacet
  facet normal 1 0 0
    outer loop
      vertex -4.6 12.549999999999997 24.15
      vertex -4.6 15.971083875000474 24.47455538213253
      vertex -4.6 15.709379623830316 24.598332272469996
    endloop
  endfacet
  facet normal 1 0 0
    outer loop
      vertex -4.6 12.549999999999997 24.15
      vertex -4.6 16.24366019964218 24.377026008069514
      vertex -4.6 15.971083875000474 24.47455538213253
    endloop
  endfacet
  facet normal 1 0 0
    outer loop
      vertex -4.6 12.549999999999997 24.15
      vertex -4.6 15.228539812564847 24.91961915940046
      vertex -4.6 15.014034996926782 25.114034996926783
    endloop
  endfacet
  facet normal 1 0 0
    outer loop
      vertex -4.6 12.549999999999997 24.15
      vertex -4.6 15.46106781363487 24.747164645791052
      vertex -4.6 15.228539812564847 24.91961915940046
    endloop
  endfacet
  facet normal 1 0 0
    outer loop
      vertex -4.6 12.549999999999997 24.15
      vertex -4.6 15.709379623830316 24.598332272469996
      vertex -4.6 15.46106781363487 24.747164645791052
    endloop
  endfacet
  facet normal 1 0 0
    outer loop
      vertex -4.6 12.549999999999997 24.15
      vertex -4.6 16.524483549594876 24.306683422625063
      vertex -4.6 16.24366019964218 24.377026008069514
    endloop
  endfacet
  facet normal 1 0 0
    outer loop
      vertex -4.6 12.549999999999997 24.15
      vertex -4.6 16.81084943860769 24.26420505493879
      vertex -4.6 16.524483549594876 24.306683422625063
    endloop
  endfacet
  facet normal 1 0 0
    outer loop
      vertex -4.6 12.549999999999997 24.15
      vertex -4.6 17.099999997019765 24.250000001490115
      vertex -4.6 16.81084943860769 24.26420505493879
    endloop
  endfacet
  facet normal -1 0 0
    outer loop
      vertex -6 12.549999999999997 24.15
      vertex -6 17.522075957265702 29.090895446423612
      vertex -6 17.673654403270938 28.923654403270938
    endloop
  endfacet
  facet normal 1 0 0
    outer loop
      vertex -4.6 12.549999999999997 24.15
      vertex -4.6 14.498332272469995 25.809379623830317
      vertex -4.6 14.374555382132527 26.071083875000475
    endloop
  endfacet
  facet normal 1 0 0
    outer loop
      vertex -4.6 12.549999999999997 24.15
      vertex -4.6 14.374555382132527 26.071083875000475
      vertex -4.6 14.277026008069512 26.34366019964218
    endloop
  endfacet
  facet normal 1 0 0
    outer loop
      vertex -4.6 12.549999999999997 24.15
      vertex -4.6 14.647164645791051 25.56106781363487
      vertex -4.6 14.498332272469995 25.809379623830317
    endloop
  endfacet
  facet normal 1 0 0
    outer loop
      vertex -4.6 12.549999999999997 24.15
      vertex -4.6 14.277026008069512 26.34366019964218
      vertex -4.6 14.206683422625062 26.624483549594878
    endloop
  endfacet
  facet normal 1 0 0
    outer loop
      vertex -4.6 12.549999999999997 24.15
      vertex -4.6 14.206683422625062 26.624483549594878
      vertex -4.6 14.16420505493879 26.91084943860769
    endloop
  endfacet
  facet normal 0 -1 0
    outer loop
      vertex -6 12.549999999999997 24.15
      vertex -4.6 12.549999999999997 24.15
      vertex -4.6 12.549999999999997 30.65
    endloop
  endfacet
  facet normal 1 0 0
    outer loop
      vertex -4.6 12.549999999999997 24.15
      vertex -4.6 14.16420505493879 26.91084943860769
      vertex -4.6 12.549999999999997 30.65
    endloop
  endfacet
  facet normal -1 0 0
    outer loop
      vertex -6 13.342904891073701 22.827118100225924
      vertex -6 25.257095108926293 22.827118100225924
      vertex -6 13.475974853336808 22.76418069899082
    endloop
  endfacet
  facet normal -1 0 0
    outer loop
      vertex -6 13.216644647717473 22.902795584499835
      vertex -6 25.38335535228252 22.902795584499835
      vertex -6 13.342904891073701 22.827118100225924
    endloop
  endfacet
  facet normal -1 0 0
    outer loop
      vertex -6 13.61457298249006 22.714589492976664
      vertex -6 24.985427017509934 22.714589492976664
      vertex -6 13.757364514470098 22.67882207930088
    endloop
  endfacet
  facet normal -1 0 0
    outer loop
      vertex -6 13.757364514470098 22.67882207930088
      vertex -6 24.842635485529897 22.67882207930088
      vertex -6 13.902974288165566 22.657222913205622
    endloop
  endfacet
  facet normal -1 0 0
    outer loop
      vertex -6 13.475974853336808 22.76418069899082
      vertex -6 25.124025146663186 22.76418069899082
      vertex -6 13.61457298249006 22.714589492976664
    endloop
  endfacet
  facet normal -1 0 0
    outer loop
      vertex -6 13.902974288165566 22.657222913205622
      vertex -6 24.697025711834428 22.657222913205622
      vertex -6 14.049999999999997 22.65
    endloop
  endfacet
  facet normal -1 0 0
    outer loop
      vertex -6 13.216644647717473 22.902795584499835
      vertex -6 13.098410072922704 22.9904843211174
      vertex -6 25.50158992707729 22.9904843211174
    endloop
  endfacet
  facet normal -1 0 0
    outer loop
      vertex -6 12.98933983147144 23.08933983147144
      vertex -6 25.610660168528554 23.08933983147144
      vertex -6 13.098410072922704 22.9904843211174
    endloop
  endfacet
  facet normal -1 0 0
    outer loop
      vertex -6 12.890484321117398 23.198410072922705
      vertex -6 25.709515678882596 23.198410072922705
      vertex -6 12.98933983147144 23.08933983147144
    endloop
  endfacet
  facet normal -1 0 0
    outer loop
      vertex -6 12.890484321117398 23.198410072922705
      vertex -6 12.802795584499833 23.316644647717474
      vertex -6 25.79720441550016 23.316644647717474
    endloop
  endfacet
  facet normal -1 0 0
    outer loop
      vertex -6 12.727118100225923 23.442904891073702
      vertex -6 25.87288189977407 23.442904891073702
      vertex -6 12.802795584499833 23.316644647717474
    endloop
  endfacet
  facet normal -1 0 0
    outer loop
      vertex -6 12.727118100225923 23.442904891073702
      vertex -6 12.664180698990819 23.57597485333681
      vertex -6 25.935819301009175 23.57597485333681
    endloop
  endfacet
  facet normal -1 0 0
    outer loop
      vertex -6 12.664180698990819 23.57597485333681
      vertex -6 12.614589492976663 23.71457298249006
      vertex -6 25.98541050702333 23.71457298249006
    endloop
  endfacet
  facet normal -1 0 0
    outer loop
      vertex -6 12.614589492976663 23.71457298249006
      vertex -6 12.578822079300878 23.8573645144701
      vertex -6 26.021177920699117 23.8573645144701
    endloop
  endfacet
  facet normal 0 0 -1
    outer loop
      vertex -6 14.049999999999997 22.65
      vertex -6 24.549999999999997 22.65
      vertex -4.6 14.049999999999997 22.65
    endloop
  endfacet
  facet normal -1 0 0
    outer loop
      vertex -6 12.578822079300878 23.8573645144701
      vertex -6 12.55722291320562 24.002974288165568
      vertex -6 26.042777086794374 24.002974288165568
    endloop
  endfacet
  facet normal -1 0 0
    outer loop
      vertex -6 12.55722291320562 24.002974288165568
      vertex -6 12.549999999999997 24.15
      vertex -6 26.049999999999997 24.15
    endloop
  endfacet
  facet normal 1 0 0
    outer loop
      vertex -4.6 13.342904891073701 22.827118100225924
      vertex -4.6 13.475974853336808 22.76418069899082
      vertex -4.6 25.257095108926293 22.827118100225924
    endloop
  endfacet
  facet normal 1 0 0
    outer loop
      vertex -4.6 13.216644647717473 22.902795584499835
      vertex -4.6 13.342904891073701 22.827118100225924
      vertex -4.6 25.38335535228252 22.902795584499835
    endloop
  endfacet
  facet normal 1 0 0
    outer loop
      vertex -4.6 13.61457298249006 22.714589492976664
      vertex -4.6 13.757364514470098 22.67882207930088
      vertex -4.6 24.985427017509934 22.714589492976664
    endloop
  endfacet
  facet normal 1 0 0
    outer loop
      vertex -4.6 13.757364514470098 22.67882207930088
      vertex -4.6 13.902974288165566 22.657222913205622
      vertex -4.6 24.842635485529897 22.67882207930088
    endloop
  endfacet
  facet normal 1 0 0
    outer loop
      vertex -4.6 13.475974853336808 22.76418069899082
      vertex -4.6 13.61457298249006 22.714589492976664
      vertex -4.6 25.124025146663186 22.76418069899082
    endloop
  endfacet
  facet normal 1 0 0
    outer loop
      vertex -4.6 13.902974288165566 22.657222913205622
      vertex -4.6 14.049999999999997 22.65
      vertex -4.6 24.697025711834428 22.657222913205622
    endloop
  endfacet
  facet normal 1 0 0
    outer loop
      vertex -4.6 13.216644647717473 22.902795584499835
      vertex -4.6 25.50158992707729 22.9904843211174
      vertex -4.6 13.098410072922704 22.9904843211174
    endloop
  endfacet
  facet normal 1 0 0
    outer loop
      vertex -4.6 12.98933983147144 23.08933983147144
      vertex -4.6 13.098410072922704 22.9904843211174
      vertex -4.6 25.610660168528554 23.08933983147144
    endloop
  endfacet
  facet normal 1 0 0
    outer loop
      vertex -4.6 12.890484321117398 23.198410072922705
      vertex -4.6 12.98933983147144 23.08933983147144
      vertex -4.6 25.709515678882596 23.198410072922705
    endloop
  endfacet
  facet normal 1 0 0
    outer loop
      vertex -4.6 12.890484321117398 23.198410072922705
      vertex -4.6 25.79720441550016 23.316644647717474
      vertex -4.6 12.802795584499833 23.316644647717474
    endloop
  endfacet
  facet normal 1 0 0
    outer loop
      vertex -4.6 12.727118100225923 23.442904891073702
      vertex -4.6 12.802795584499833 23.316644647717474
      vertex -4.6 25.87288189977407 23.442904891073702
    endloop
  endfacet
  facet normal 1 0 0
    outer loop
      vertex -4.6 12.727118100225923 23.442904891073702
      vertex -4.6 25.935819301009175 23.57597485333681
      vertex -4.6 12.664180698990819 23.57597485333681
    endloop
  endfacet
  facet normal 1 0 0
    outer loop
      vertex -4.6 12.664180698990819 23.57597485333681
      vertex -4.6 25.98541050702333 23.71457298249006
      vertex -4.6 12.614589492976663 23.71457298249006
    endloop
  endfacet
  facet normal 1 0 0
    outer loop
      vertex -4.6 12.614589492976663 23.71457298249006
      vertex -4.6 26.021177920699117 23.8573645144701
      vertex -4.6 12.578822079300878 23.8573645144701
    endloop
  endfacet
  facet normal 1 0 0
    outer loop
      vertex -4.6 12.578822079300878 23.8573645144701
      vertex -4.6 26.042777086794374 24.002974288165568
      vertex -4.6 12.55722291320562 24.002974288165568
    endloop
  endfacet
  facet normal 1 0 0
    outer loop
      vertex -4.6 12.55722291320562 24.002974288165568
      vertex -4.6 26.049999999999997 24.15
      vertex -4.6 12.549999999999997 24.15
    endloop
  endfacet
  facet normal 1 0 0
    outer loop
      vertex -4.6 12.549999999999997 24.15
      vertex -4.6 26.049999999999997 24.15
      vertex -4.6 17.099999997019765 24.250000001490115
    endloop
  endfacet
  facet normal -1 0 0
    outer loop
      vertex -6 12.549999999999997 24.15
      vertex -6 18.022188464054913 28.637619891704144
      vertex -6 18.215787505300202 28.52158109199878
    endloop
  endfacet
  facet normal -1 0 0
    outer loop
      vertex -6 12.549999999999997 24.15
      vertex -6 17.673654403270938 28.923654403270938
      vertex -6 17.840895446423612 28.772075957265702
    endloop
  endfacet
  facet normal -1 0 0
    outer loop
      vertex -6 12.549999999999997 24.15
      vertex -6 17.840895446423612 28.772075957265702
      vertex -6 18.022188464054913 28.637619891704144
    endloop
  endfacet
  facet normal -1 0 0
    outer loop
      vertex -6 12.549999999999997 24.15
      vertex -6 18.215787505300202 28.52158109199878
      vertex -6 18.419828105560292 28.42507707522404
    endloop
  endfacet
  facet normal -1 0 0
    outer loop
      vertex -6 12.549999999999997 24.15
      vertex -6 18.419828105560292 28.42507707522404
      vertex -6 18.632345242314734 28.349037227815916
    endloop
  endfacet
  facet normal -1 0 0
    outer loop
      vertex -6 12.549999999999997 24.15
      vertex -6 18.632345242314734 28.349037227815916
      vertex -6 18.851292259362904 28.294193855072567
    endloop
  endfacet
  facet normal -1 0 0
    outer loop
      vertex -6 12.549999999999997 24.15
      vertex -6 18.851292259362904 28.294193855072567
      vertex -6 19.074560577242007 28.261075128653943
    endloop
  endfacet
  facet normal -1 0 0
    outer loop
      vertex -6 12.549999999999997 24.15
      vertex -6 19.074560577242007 28.261075128653943
      vertex -6 19.299999999999997 28.249999999999996
    endloop
  endfacet
  facet normal -1 0 0
    outer loop
      vertex -6 12.549999999999997 24.15
      vertex -6 19.299999999999997 28.249999999999996
      vertex -6 19.525439422757987 28.261075128653943
    endloop
  endfacet
  facet normal -1 0 0
    outer loop
      vertex -6 12.549999999999997 24.15
      vertex -6 19.525439422757987 28.261075128653943
      vertex -6 19.74870774063709 28.294193855072567
    endloop
  endfacet
  facet normal -1 0 0
    outer loop
      vertex -6 12.549999999999997 24.15
      vertex -6 19.74870774063709 28.294193855072567
      vertex -6 19.96765475768526 28.349037227815916
    endloop
  endfacet
  facet normal -1 0 0
    outer loop
      vertex -6 12.549999999999997 24.15
      vertex -6 19.96765475768526 28.349037227815916
      vertex -6 20.180171894439702 28.42507707522404
    endloop
  endfacet
  facet normal -1 0 0
    outer loop
      vertex -6 12.549999999999997 24.15
      vertex -6 20.180171894439702 28.42507707522404
      vertex -6 20.384212494699792 28.52158109199878
    endloop
  endfacet
  facet normal -1 0 0
    outer loop
      vertex -6 12.549999999999997 24.15
      vertex -6 12.549999999999997 30.65
      vertex -6 17.044193855072567 30.101292259362904
    endloop
  endfacet
  facet normal 0 -1 0
    outer loop
      vertex -6 12.549999999999997 24.15
      vertex -4.6 12.549999999999997 30.65
      vertex -6 12.549999999999997 30.65
    endloop
  endfacet
  facet normal -1 0 0
    outer loop
      vertex -6 12.549999999999997 24.15
      vertex -6 17.387619891704144 29.272188464054913
      vertex -6 17.522075957265702 29.090895446423612
    endloop
  endfacet
  facet normal -1 0 0
    outer loop
      vertex -6 12.549999999999997 24.15
      vertex -6 17.27158109199878 29.465787505300202
      vertex -6 17.387619891704144 29.272188464054913
    endloop
  endfacet
  facet normal -1 0 0
    outer loop
      vertex -6 12.549999999999997 24.15
      vertex -6 17.17507707522404 29.669828105560292
      vertex -6 17.27158109199878 29.465787505300202
    endloop
  endfacet
  facet normal -1 0 0
    outer loop
      vertex -6 12.549999999999997 24.15
      vertex -6 17.099037227815916 29.882345242314734
      vertex -6 17.17507707522404 29.669828105560292
    endloop
  endfacet
  facet normal -1 0 0
    outer loop
      vertex -6 12.549999999999997 24.15
      vertex -6 17.044193855072567 30.101292259362904
      vertex -6 17.099037227815916 29.882345242314734
    endloop
  endfacet
  facet normal 1 0 0
    outer loop
      vertex -4.6 14.16420505493879 26.91084943860769
      vertex -4.6 14.150000001490113 27.199999997019766
      vertex -4.6 12.549999999999997 30.65
    endloop
  endfacet
  facet normal 1 0 0
    outer loop
      vertex -4.6 14.150000001490113 27.199999997019766
      vertex -4.6 14.150000001490113 27.60000000298023
      vertex -4.6 12.549999999999997 30.65
    endloop
  endfacet
  facet normal 1 0 0
    outer loop
      vertex -4.6 14.150000001490113 27.60000000298023
      vertex -4.6 14.16420505493879 27.889150561392306
      vertex -4.6 12.549999999999997 30.65
    endloop
  endfacet
  facet normal 1 0 0
    outer loop
      vertex -4.6 14.16420505493879 27.889150561392306
      vertex -4.6 14.206683422625062 28.17551645040512
      vertex -4.6 12.549999999999997 30.65
    endloop
  endfacet
  facet normal 1 0 0
    outer loop
      vertex -4.6 14.206683422625062 28.17551645040512
      vertex -4.6 14.277026008069512 28.456339800357817
      vertex -4.6 12.549999999999997 30.65
    endloop
  endfacet
  facet normal 1 0 0
    outer loop
      vertex -4.6 14.277026008069512 28.456339800357817
      vertex -4.6 14.374555382132527 28.72891612499952
      vertex -4.6 12.549999999999997 30.65
    endloop
  endfacet
  facet normal 1 0 0
    outer loop
      vertex -4.6 14.374555382132527 28.72891612499952
      vertex -4.6 14.498332272469995 28.99062037616968
      vertex -4.6 12.549999999999997 30.65
    endloop
  endfacet
  facet normal 1 0 0
    outer loop
      vertex -4.6 14.498332272469995 28.99062037616968
      vertex -4.6 14.647164645791051 29.238932186365126
      vertex -4.6 12.549999999999997 30.65
    endloop
  endfacet
  facet normal -1 0 0
    outer loop
      vertex -6 12.549999999999997 30.65
      vertex -6 12.55722291320562 30.79702571183443
      vertex -6 16.999999999999996 30.549999999999997
    endloop
  endfacet
  facet normal -1 0 0
    outer loop
      vertex -6 12.55722291320562 30.79702571183443
      vertex -6 12.578822079300878 30.942635485529898
      vertex -6 17.011075128653943 30.775439422757987
    endloop
  endfacet
  facet normal -1 0 0
    outer loop
      vertex -6 12.578822079300878 30.942635485529898
      vertex -6 12.614589492976663 31.085427017509936
      vertex -6 17.011075128653943 30.775439422757987
    endloop
  endfacet
  facet normal 0 -0.9987954551570747 0.04906769566193293
    outer loop
      vertex -6 12.549999999999997 30.65
      vertex -4.6 12.55722291320562 30.79702571183443
      vertex -6 12.55722291320562 30.79702571183443
    endloop
  endfacet
  facet normal 0 -0.9891765133971449 0.14673045131624154
    outer loop
      vertex -6 12.55722291320562 30.79702571183443
      vertex -4.6 12.578822079300878 30.942635485529898
      vertex -6 12.578822079300878 30.942635485529898
    endloop
  endfacet
  facet normal -1 0 0
    outer loop
      vertex -6 12.614589492976663 31.085427017509936
      vertex -6 12.664180698990819 31.224025146663188
      vertex -6 17.044193855072567 30.99870774063709
    endloop
  endfacet
  facet normal -1 0 0
    outer loop
      vertex -6 12.664180698990819 31.224025146663188
      vertex -6 12.727118100225923 31.357095108926295
      vertex -6 17.099037227815916 31.21765475768526
    endloop
  endfacet
  facet normal -1 0 0
    outer loop
      vertex -6 12.727118100225923 31.357095108926295
      vertex -6 12.802795584499833 31.483355352282523
      vertex -6 17.099037227815916 31.21765475768526
    endloop
  endfacet
  facet normal 0 -0.9700312581757379 0.2429801600172223
    outer loop
      vertex -6 12.578822079300878 30.942635485529898
      vertex -4.6 12.614589492976663 31.085427017509936
      vertex -6 12.614589492976663 31.085427017509936
    endloop
  endfacet
  facet normal 0 -0.9415440599260391 0.33688986808449944
    outer loop
      vertex -6 12.614589492976663 31.085427017509936
      vertex -4.6 12.664180698990819 31.224025146663188
      vertex -6 12.664180698990819 31.224025146663188
    endloop
  endfacet
  facet normal 0 -0.9039893026927517 0.4275550731976791
    outer loop
      vertex -6 12.664180698990819 31.224025146663188
      vertex -4.6 12.727118100225923 31.357095108926295
      vertex -6 12.727118100225923 31.357095108926295
    endloop
  endfacet
  facet normal 0 -0.8577285897347089 0.5141027780042696
    outer loop
      vertex -6 12.727118100225923 31.357095108926295
      vertex -4.6 12.802795584499833 31.483355352282523
      vertex -6 12.802795584499833 31.483355352282523
    endloop
  endfacet
  facet normal 0 -0.8032075326742516 0.5956993028830408
    outer loop
      vertex -6 12.802795584499833 31.483355352282523
      vertex -4.6 12.890484321117398 31.601589927077292
      vertex -6 12.890484321117398 31.601589927077292
    endloop
  endfacet
  facet normal 0 -0.7409511057814068 0.6715589764431048
    outer loop
      vertex -6 12.890484321117398 31.601589927077292
      vertex -4.6 12.98933983147144 31.710660168528555
      vertex -6 12.98933983147144 31.710660168528555
    endloop
  endfacet
  facet normal 0 -0.6715589764431048 0.7409511057814068
    outer loop
      vertex -6 12.98933983147144 31.710660168528555
      vertex -4.6 13.098410072922704 31.809515678882597
      vertex -6 13.098410072922704 31.809515678882597
    endloop
  endfacet
  facet normal 0 -0.5956993028830408 0.8032075326742516
    outer loop
      vertex -6 13.098410072922704 31.809515678882597
      vertex -4.6 13.216644647717473 31.897204415500163
      vertex -6 13.216644647717473 31.897204415500163
    endloop
  endfacet
  facet normal 0 -0.5141027780042696 0.8577285897347089
    outer loop
      vertex -6 13.216644647717473 31.897204415500163
      vertex -4.6 13.342904891073701 31.972881899774073
      vertex -6 13.342904891073701 31.972881899774073
    endloop
  endfacet
  facet normal 0 -0.4275550731976791 0.9039893026927517
    outer loop
      vertex -6 13.342904891073701 31.972881899774073
      vertex -4.6 13.475974853336808 32.03581930100918
      vertex -6 13.475974853336808 32.03581930100918
    endloop
  endfacet
  facet normal 0 -0.33688986808449944 0.9415440599260391
    outer loop
      vertex -6 13.475974853336808 32.03581930100918
      vertex -4.6 13.61457298249006 32.08541050702333
      vertex -6 13.61457298249006 32.08541050702333
    endloop
  endfacet
  facet normal 0 -0.2429801600172223 0.9700312581757379
    outer loop
      vertex -6 13.61457298249006 32.08541050702333
      vertex -4.6 13.757364514470098 32.12117792069912
      vertex -6 13.757364514470098 32.12117792069912
    endloop
  endfacet
  facet normal 0 -0.14673045131624154 0.9891765133971449
    outer loop
      vertex -6 13.757364514470098 32.12117792069912
      vertex -4.6 13.902974288165566 32.142777086794375
      vertex -6 13.902974288165566 32.142777086794375
    endloop
  endfacet
  facet normal 0 -0.04906769566193293 0.9987954551570747
    outer loop
      vertex -6 13.902974288165566 32.142777086794375
      vertex -4.6 14.049999999999997 32.15
      vertex -6 14.049999999999997 32.15
    endloop
  endfacet
  facet normal -1 0 0
    outer loop
      vertex -6 12.549999999999997 30.65
      vertex -6 17.011075128653943 30.324560577242007
      vertex -6 17.044193855072567 30.101292259362904
    endloop
  endfacet
  facet normal -1 0 0
    outer loop
      vertex -6 12.549999999999997 30.65
      vertex -6 16.999999999999996 30.549999999999997
      vertex -6 17.011075128653943 30.324560577242007
    endloop
  endfacet
  facet normal -1 0 0
    outer loop
      vertex -6 12.55722291320562 30.79702571183443
      vertex -6 17.011075128653943 30.775439422757987
      vertex -6 16.999999999999996 30.549999999999997
    endloop
  endfacet
  facet normal -1 0 0
    outer loop
      vertex -6 12.614589492976663 31.085427017509936
      vertex -6 17.044193855072567 30.99870774063709
      vertex -6 17.011075128653943 30.775439422757987
    endloop
  endfacet
  facet normal -1 0 0
    outer loop
      vertex -6 12.802795584499833 31.483355352282523
      vertex -6 12.890484321117398 31.601589927077292
      vertex -6 17.17507707522404 31.430171894439702
    endloop
  endfacet
  facet normal -1 0 0
    outer loop
      vertex -6 12.890484321117398 31.601589927077292
      vertex -6 12.98933983147144 31.710660168528555
      vertex -6 17.27158109199878 31.634212494699792
    endloop
  endfacet
  facet normal -1 0 0
    outer loop
      vertex -6 12.98933983147144 31.710660168528555
      vertex -6 13.098410072922704 31.809515678882597
      vertex -6 17.27158109199878 31.634212494699792
    endloop
  endfacet
  facet normal -1 0 0
    outer loop
      vertex -6 13.098410072922704 31.809515678882597
      vertex -6 13.216644647717473 31.897204415500163
      vertex -6 17.387619891704144 31.82781153594508
    endloop
  endfacet
  facet normal -1 0 0
    outer loop
      vertex -6 13.216644647717473 31.897204415500163
      vertex -6 13.342904891073701 31.972881899774073
      vertex -6 17.387619891704144 31.82781153594508
    endloop
  endfacet
  facet normal -1 0 0
    outer loop
      vertex -6 13.342904891073701 31.972881899774073
      vertex -6 13.475974853336808 32.03581930100918
      vertex -6 17.387619891704144 31.82781153594508
    endloop
  endfacet
  facet normal -1 0 0
    outer loop
      vertex -6 13.475974853336808 32.03581930100918
      vertex -6 13.61457298249006 32.08541050702333
      vertex -6 17.522075957265702 32.00910455357638
    endloop
  endfacet
  facet normal -1 0 0
    outer loop
      vertex -6 13.61457298249006 32.08541050702333
      vertex -6 13.757364514470098 32.12117792069912
      vertex -6 17.522075957265702 32.00910455357638
    endloop
  endfacet
  facet normal -1 0 0
    outer loop
      vertex -6 13.757364514470098 32.12117792069912
      vertex -6 13.902974288165566 32.142777086794375
      vertex -6 17.522075957265702 32.00910455357638
    endloop
  endfacet
  facet normal -1 0 0
    outer loop
      vertex -6 12.664180698990819 31.224025146663188
      vertex -6 17.099037227815916 31.21765475768526
      vertex -6 17.044193855072567 30.99870774063709
    endloop
  endfacet
  facet normal -1 0 0
    outer loop
      vertex -6 12.802795584499833 31.483355352282523
      vertex -6 17.17507707522404 31.430171894439702
      vertex -6 17.099037227815916 31.21765475768526
    endloop
  endfacet
  facet normal -1 0 0
    outer loop
      vertex -6 12.890484321117398 31.601589927077292
      vertex -6 17.27158109199878 31.634212494699792
      vertex -6 17.17507707522404 31.430171894439702
    endloop
  endfacet
  facet normal -1 0 0
    outer loop
      vertex -6 13.902974288165566 32.142777086794375
      vertex -6 14.049999999999997 32.15
      vertex -6 17.522075957265702 32.00910455357638
    endloop
  endfacet
  facet normal -1 0 0
    outer loop
      vertex -6 13.098410072922704 31.809515678882597
      vertex -6 17.387619891704144 31.82781153594508
      vertex -6 17.27158109199878 31.634212494699792
    endloop
  endfacet
  facet normal 0 0 1
    outer loop
      vertex -6 14.049999999999997 32.15
      vertex -4.6 14.049999999999997 32.15
      vertex -6 17.649776146259434 32.15
    endloop
  endfacet
  facet normal 0 -0.9987954551570747 0.04906769566193293
    outer loop
      vertex -6 12.549999999999997 30.65
      vertex -4.6 12.549999999999997 30.65
      vertex -4.6 12.55722291320562 30.79702571183443
    endloop
  endfacet
  facet normal 0 -0.9891765133971449 0.14673045131624154
    outer loop
      vertex -6 12.55722291320562 30.79702571183443
      vertex -4.6 12.55722291320562 30.79702571183443
      vertex -4.6 12.578822079300878 30.942635485529898
    endloop
  endfacet
  facet normal 1 0 0
    outer loop
      vertex -4.6 14.647164645791051 29.238932186365126
      vertex -4.6 14.81961915940046 29.47146018743515
      vertex -4.6 12.549999999999997 30.65
    endloop
  endfacet
  facet normal 1 0 0
    outer loop
      vertex -4.6 14.81961915940046 29.47146018743515
      vertex -4.6 15.014034996926782 29.685965003073214
      vertex -4.6 12.549999999999997 30.65
    endloop
  endfacet
  facet normal 1 0 0
    outer loop
      vertex -4.6 12.549999999999997 30.65
      vertex -4.6 17.011075128653943 30.775439422757987
      vertex -4.6 12.55722291320562 30.79702571183443
    endloop
  endfacet
  facet normal 1 0 0
    outer loop
      vertex -4.6 12.55722291320562 30.79702571183443
      vertex -4.6 17.044193855072567 30.99870774063709
      vertex -4.6 12.578822079300878 30.942635485529898
    endloop
  endfacet
  facet normal 0 -0.9700312581757379 0.2429801600172223
    outer loop
      vertex -6 12.578822079300878 30.942635485529898
      vertex -4.6 12.578822079300878 30.942635485529898
      vertex -4.6 12.614589492976663 31.085427017509936
    endloop
  endfacet
  facet normal 0 -0.9415440599260391 0.33688986808449944
    outer loop
      vertex -6 12.614589492976663 31.085427017509936
      vertex -4.6 12.614589492976663 31.085427017509936
      vertex -4.6 12.664180698990819 31.224025146663188
    endloop
  endfacet
  facet normal 0 -0.9039893026927517 0.4275550731976791
    outer loop
      vertex -6 12.664180698990819 31.224025146663188
      vertex -4.6 12.664180698990819 31.224025146663188
      vertex -4.6 12.727118100225923 31.357095108926295
    endloop
  endfacet
  facet normal 0 -0.8577285897347089 0.5141027780042696
    outer loop
      vertex -6 12.727118100225923 31.357095108926295
      vertex -4.6 12.727118100225923 31.357095108926295
      vertex -4.6 12.802795584499833 31.483355352282523
    endloop
  endfacet
  facet normal 0 -0.8032075326742516 0.5956993028830408
    outer loop
      vertex -6 12.802795584499833 31.483355352282523
      vertex -4.6 12.802795584499833 31.483355352282523
      vertex -4.6 12.890484321117398 31.601589927077292
    endloop
  endfacet
  facet normal 0 -0.7409511057814068 0.6715589764431048
    outer loop
      vertex -6 12.890484321117398 31.601589927077292
      vertex -4.6 12.890484321117398 31.601589927077292
      vertex -4.6 12.98933983147144 31.710660168528555
    endloop
  endfacet
  facet normal 0 -0.6715589764431048 0.7409511057814068
    outer loop
      vertex -6 12.98933983147144 31.710660168528555
      vertex -4.6 12.98933983147144 31.710660168528555
      vertex -4.6 13.098410072922704 31.809515678882597
    endloop
  endfacet
  facet normal 0 -0.5956993028830408 0.8032075326742516
    outer loop
      vertex -6 13.098410072922704 31.809515678882597
      vertex -4.6 13.098410072922704 31.809515678882597
      vertex -4.6 13.216644647717473 31.897204415500163
    endloop
  endfacet
  facet normal 0 -0.5141027780042696 0.8577285897347089
    outer loop
      vertex -6 13.216644647717473 31.897204415500163
      vertex -4.6 13.216644647717473 31.897204415500163
      vertex -4.6 13.342904891073701 31.972881899774073
    endloop
  endfacet
  facet normal 0 -0.4275550731976791 0.9039893026927517
    outer loop
      vertex -6 13.342904891073701 31.972881899774073
      vertex -4.6 13.342904891073701 31.972881899774073
      vertex -4.6 13.475974853336808 32.03581930100918
    endloop
  endfacet
  facet normal 0 -0.33688986808449944 0.9415440599260391
    outer loop
      vertex -6 13.475974853336808 32.03581930100918
      vertex -4.6 13.475974853336808 32.03581930100918
      vertex -4.6 13.61457298249006 32.08541050702333
    endloop
  endfacet
  facet normal 0 -0.2429801600172223 0.9700312581757379
    outer loop
      vertex -6 13.61457298249006 32.08541050702333
      vertex -4.6 13.61457298249006 32.08541050702333
      vertex -4.6 13.757364514470098 32.12117792069912
    endloop
  endfacet
  facet normal 0 -0.14673045131624154 0.9891765133971449
    outer loop
      vertex -6 13.757364514470098 32.12117792069912
      vertex -4.6 13.757364514470098 32.12117792069912
      vertex -4.6 13.902974288165566 32.142777086794375
    endloop
  endfacet
  facet normal 0 -0.04906769566193293 0.9987954551570747
    outer loop
      vertex -6 13.902974288165566 32.142777086794375
      vertex -4.6 13.902974288165566 32.142777086794375
      vertex -4.6 14.049999999999997 32.15
    endloop
  endfacet
  facet normal 1 0 0
    outer loop
      vertex -4.6 12.578822079300878 30.942635485529898
      vertex -4.6 17.044193855072567 30.99870774063709
      vertex -4.6 12.614589492976663 31.085427017509936
    endloop
  endfacet
  facet normal 1 0 0
    outer loop
      vertex -4.6 12.614589492976663 31.085427017509936
      vertex -4.6 17.099037227815916 31.21765475768526
      vertex -4.6 12.664180698990819 31.224025146663188
    endloop
  endfacet
  facet normal 1 0 0
    outer loop
      vertex -4.6 12.664180698990819 31.224025146663188
      vertex -4.6 17.17507707522404 31.430171894439702
      vertex -4.6 12.727118100225923 31.357095108926295
    endloop
  endfacet
  facet normal 1 0 0
    outer loop
      vertex -4.6 12.727118100225923 31.357095108926295
      vertex -4.6 17.17507707522404 31.430171894439702
      vertex -4.6 12.802795584499833 31.483355352282523
    endloop
  endfacet
  facet normal 1 0 0
    outer loop
      vertex -4.6 15.014034996926782 29.685965003073214
      vertex -4.6 15.228539812564847 29.880380840599535
      vertex -4.6 12.549999999999997 30.65
    endloop
  endfacet
  facet normal 1 0 0
    outer loop
      vertex -4.6 12.549999999999997 30.65
      vertex -4.6 15.228539812564847 29.880380840599535
      vertex -4.6 15.46106781363487 30.052835354208945
    endloop
  endfacet
  facet normal 1 0 0
    outer loop
      vertex -4.6 12.549999999999997 30.65
      vertex -4.6 15.46106781363487 30.052835354208945
      vertex -4.6 15.709379623830316 30.20166772753
    endloop
  endfacet
  facet normal 1 0 0
    outer loop
      vertex -4.6 12.549999999999997 30.65
      vertex -4.6 15.709379623830316 30.20166772753
      vertex -4.6 15.971083875000474 30.32544461786747
    endloop
  endfacet
  facet normal 1 0 0
    outer loop
      vertex -4.6 12.549999999999997 30.65
      vertex -4.6 15.971083875000474 30.32544461786747
      vertex -4.6 16.24366019964218 30.422973991930483
    endloop
  endfacet
  facet normal 1 0 0
    outer loop
      vertex -4.6 12.549999999999997 30.65
      vertex -4.6 16.24366019964218 30.422973991930483
      vertex -4.6 16.524483549594876 30.493316577374934
    endloop
  endfacet
  facet normal 1 0 0
    outer loop
      vertex -4.6 12.549999999999997 30.65
      vertex -4.6 16.524483549594876 30.493316577374934
      vertex -4.6 16.81084943860769 30.535794945061205
    endloop
  endfacet
  facet normal 1 0 0
    outer loop
      vertex -4.6 12.549999999999997 30.65
      vertex -4.6 16.81084943860769 30.535794945061205
      vertex -4.6 17.011075128653943 30.775439422757987
    endloop
  endfacet
  facet normal 1 0 0
    outer loop
      vertex -4.6 12.55722291320562 30.79702571183443
      vertex -4.6 17.011075128653943 30.775439422757987
      vertex -4.6 17.044193855072567 30.99870774063709
    endloop
  endfacet
  facet normal 1 0 0
    outer loop
      vertex -4.6 12.802795584499833 31.483355352282523
      vertex -4.6 17.27158109199878 31.634212494699792
      vertex -4.6 12.890484321117398 31.601589927077292
    endloop
  endfacet
  facet normal 1 0 0
    outer loop
      vertex -4.6 12.890484321117398 31.601589927077292
      vertex -4.6 17.387619891704144 31.82781153594508
      vertex -4.6 12.98933983147144 31.710660168528555
    endloop
  endfacet
  facet normal 1 0 0
    outer loop
      vertex -4.6 12.98933983147144 31.710660168528555
      vertex -4.6 17.387619891704144 31.82781153594508
      vertex -4.6 13.098410072922704 31.809515678882597
    endloop
  endfacet
  facet normal 1 0 0
    outer loop
      vertex -4.6 13.098410072922704 31.809515678882597
      vertex -4.6 17.522075957265702 32.00910455357638
      vertex -4.6 13.216644647717473 31.897204415500163
    endloop
  endfacet
  facet normal 1 0 0
    outer loop
      vertex -4.6 13.216644647717473 31.897204415500163
      vertex -4.6 17.522075957265702 32.00910455357638
      vertex -4.6 13.342904891073701 31.972881899774073
    endloop
  endfacet
  facet normal 1 0 0
    outer loop
      vertex -4.6 13.342904891073701 31.972881899774073
      vertex -4.6 17.522075957265702 32.00910455357638
      vertex -4.6 13.475974853336808 32.03581930100918
    endloop
  endfacet
  facet normal 1 0 0
    outer loop
      vertex -4.6 13.475974853336808 32.03581930100918
      vertex -4.6 17.649776146259438 32.15
      vertex -4.6 13.61457298249006 32.08541050702333
    endloop
  endfacet
  facet normal 1 0 0
    outer loop
      vertex -4.6 13.61457298249006 32.08541050702333
      vertex -4.6 17.649776146259438 32.15
      vertex -4.6 13.757364514470098 32.12117792069912
    endloop
  endfacet
  facet normal 1 0 0
    outer loop
      vertex -4.6 12.614589492976663 31.085427017509936
      vertex -4.6 17.044193855072567 30.99870774063709
      vertex -4.6 17.099037227815916 31.21765475768526
    endloop
  endfacet
  facet normal 1 0 0
    outer loop
      vertex -4.6 12.664180698990819 31.224025146663188
      vertex -4.6 17.099037227815916 31.21765475768526
      vertex -4.6 17.17507707522404 31.430171894439702
    endloop
  endfacet
  facet normal 1 0 0
    outer loop
      vertex -4.6 12.802795584499833 31.483355352282523
      vertex -4.6 17.17507707522404 31.430171894439702
      vertex -4.6 17.27158109199878 31.634212494699792
    endloop
  endfacet
  facet normal 1 0 0
    outer loop
      vertex -4.6 13.757364514470098 32.12117792069912
      vertex -4.6 17.649776146259438 32.15
      vertex -4.6 13.902974288165566 32.142777086794375
    endloop
  endfacet
  facet normal 1 0 0
    outer loop
      vertex -4.6 13.902974288165566 32.142777086794375
      vertex -4.6 17.649776146259438 32.15
      vertex -4.6 14.049999999999997 32.15
    endloop
  endfacet
  facet normal 1 0 0
    outer loop
      vertex -4.6 12.890484321117398 31.601589927077292
      vertex -4.6 17.27158109199878 31.634212494699792
      vertex -4.6 17.387619891704144 31.82781153594508
    endloop
  endfacet
  facet normal -1 0 0
    outer loop
      vertex -6 13.475974853336808 32.03581930100918
      vertex -6 17.522075957265702 32.00910455357638
      vertex -6 17.387619891704144 31.82781153594508
    endloop
  endfacet
  facet normal -1 0 0
    outer loop
      vertex -6 14.049999999999997 32.15
      vertex -6 17.649776146259434 32.15
      vertex -6 17.522075957265702 32.00910455357638
    endloop
  endfacet
  facet normal 1 0 0
    outer loop
      vertex -4.6 16.81084943860769 30.535794945061205
      vertex -4.6 17.00024076368836 30.545099142536255
      vertex -4.6 16.999999999999996 30.549999999999997
    endloop
  endfacet
  facet normal 1 0 0
    outer loop
      vertex -4.6 16.81084943860769 30.535794945061205
      vertex -4.6 16.999999999999996 30.549999999999997
      vertex -4.6 17.011075128653943 30.775439422757987
    endloop
  endfacet
  facet normal 0 0 1
    outer loop
      vertex -4.6 14.049999999999997 32.15
      vertex -4.6 17.649776146259438 32.15
      vertex -6 17.649776146259434 32.15
    endloop
  endfacet
  facet normal 1 0 0
    outer loop
      vertex -4.6 13.098410072922704 31.809515678882597
      vertex -4.6 17.387619891704144 31.82781153594508
      vertex -4.6 17.522075957265702 32.00910455357638
    endloop
  endfacet
  facet normal 1 0 0
    outer loop
      vertex -4.6 13.475974853336808 32.03581930100918
      vertex -4.6 17.522075957265702 32.00910455357638
      vertex -4.6 17.649776146259438 32.15
    endloop
  endfacet
  facet normal -1 0 0
    outer loop
      vertex -6 14.049999999999997 22.65
      vertex -6 24.697025711834428 22.657222913205622
      vertex -6 24.549999999999997 22.65
    endloop
  endfacet
  facet normal -1 0 0
    outer loop
      vertex -6 13.902974288165566 22.657222913205622
      vertex -6 24.842635485529897 22.67882207930088
      vertex -6 24.697025711834428 22.657222913205622
    endloop
  endfacet
  facet normal -1 0 0
    outer loop
      vertex -6 13.757364514470098 22.67882207930088
      vertex -6 24.985427017509934 22.714589492976664
      vertex -6 24.842635485529897 22.67882207930088
    endloop
  endfacet
  facet normal -1 0 0
    outer loop
      vertex -6 13.61457298249006 22.714589492976664
      vertex -6 25.124025146663186 22.76418069899082
      vertex -6 24.985427017509934 22.714589492976664
    endloop
  endfacet
  facet normal -1 0 0
    outer loop
      vertex -6 13.475974853336808 22.76418069899082
      vertex -6 25.257095108926293 22.827118100225924
      vertex -6 25.124025146663186 22.76418069899082
    endloop
  endfacet
  facet normal -1 0 0
    outer loop
      vertex -6 13.342904891073701 22.827118100225924
      vertex -6 25.38335535228252 22.902795584499835
      vertex -6 25.257095108926293 22.827118100225924
    endloop
  endfacet
  facet normal -1 0 0
    outer loop
      vertex -6 13.216644647717473 22.902795584499835
      vertex -6 25.50158992707729 22.9904843211174
      vertex -6 25.38335535228252 22.902795584499835
    endloop
  endfacet
  facet normal -1 0 0
    outer loop
      vertex -6 13.098410072922704 22.9904843211174
      vertex -6 25.610660168528554 23.08933983147144
      vertex -6 25.50158992707729 22.9904843211174
    endloop
  endfacet
  facet normal -1 0 0
    outer loop
      vertex -6 12.98933983147144 23.08933983147144
      vertex -6 25.709515678882596 23.198410072922705
      vertex -6 25.610660168528554 23.08933983147144
    endloop
  endfacet
  facet normal -1 0 0
    outer loop
      vertex -6 12.890484321117398 23.198410072922705
      vertex -6 25.79720441550016 23.316644647717474
      vertex -6 25.709515678882596 23.198410072922705
    endloop
  endfacet
  facet normal -1 0 0
    outer loop
      vertex -6 12.802795584499833 23.316644647717474
      vertex -6 25.87288189977407 23.442904891073702
      vertex -6 25.79720441550016 23.316644647717474
    endloop
  endfacet
  facet normal -1 0 0
    outer loop
      vertex -6 12.727118100225923 23.442904891073702
      vertex -6 25.935819301009175 23.57597485333681
      vertex -6 25.87288189977407 23.442904891073702
    endloop
  endfacet
  facet normal -1 0 0
    outer loop
      vertex -6 12.664180698990819 23.57597485333681
      vertex -6 25.98541050702333 23.71457298249006
      vertex -6 25.935819301009175 23.57597485333681
    endloop
  endfacet
  facet normal -1 0 0
    outer loop
      vertex -6 12.614589492976663 23.71457298249006
      vertex -6 26.021177920699117 23.8573645144701
      vertex -6 25.98541050702333 23.71457298249006
    endloop
  endfacet
  facet normal -1 0 0
    outer loop
      vertex -6 12.578822079300878 23.8573645144701
      vertex -6 26.042777086794374 24.002974288165568
      vertex -6 26.021177920699117 23.8573645144701
    endloop
  endfacet
  facet normal -1 0 0
    outer loop
      vertex -6 12.55722291320562 24.002974288165568
      vertex -6 26.049999999999997 24.15
      vertex -6 26.042777086794374 24.002974288165568
    endloop
  endfacet
  facet normal 0 0 -1
    outer loop
      vertex -4.6 14.049999999999997 22.65
      vertex -6 24.549999999999997 22.65
      vertex -4.6 24.549999999999997 22.65
    endloop
  endfacet
  facet normal 1 0 0
    outer loop
      vertex -4.6 14.049999999999997 22.65
      vertex -4.6 24.549999999999997 22.65
      vertex -4.6 24.697025711834428 22.657222913205622
    endloop
  endfacet
  facet normal 1 0 0
    outer loop
      vertex -4.6 13.902974288165566 22.657222913205622
      vertex -4.6 24.697025711834428 22.657222913205622
      vertex -4.6 24.842635485529897 22.67882207930088
    endloop
  endfacet
  facet normal 1 0 0
    outer loop
      vertex -4.6 13.757364514470098 22.67882207930088
      vertex -4.6 24.842635485529897 22.67882207930088
      vertex -4.6 24.985427017509934 22.714589492976664
    endloop
  endfacet
  facet normal 1 0 0
    outer loop
      vertex -4.6 13.61457298249006 22.714589492976664
      vertex -4.6 24.985427017509934 22.714589492976664
      vertex -4.6 25.124025146663186 22.76418069899082
    endloop
  endfacet
  facet normal 1 0 0
    outer loop
      vertex -4.6 13.475974853336808 22.76418069899082
      vertex -4.6 25.124025146663186 22.76418069899082
      vertex -4.6 25.257095108926293 22.827118100225924
    endloop
  endfacet
  facet normal 1 0 0
    outer loop
      vertex -4.6 13.342904891073701 22.827118100225924
      vertex -4.6 25.257095108926293 22.827118100225924
      vertex -4.6 25.38335535228252 22.902795584499835
    endloop
  endfacet
  facet normal 1 0 0
    outer loop
      vertex -4.6 13.216644647717473 22.902795584499835
      vertex -4.6 25.38335535228252 22.902795584499835
      vertex -4.6 25.50158992707729 22.9904843211174
    endloop
  endfacet
  facet normal 1 0 0
    outer loop
      vertex -4.6 13.098410072922704 22.9904843211174
      vertex -4.6 25.50158992707729 22.9904843211174
      vertex -4.6 25.610660168528554 23.08933983147144
    endloop
  endfacet
  facet normal 1 0 0
    outer loop
      vertex -4.6 12.98933983147144 23.08933983147144
      vertex -4.6 25.610660168528554 23.08933983147144
      vertex -4.6 25.709515678882596 23.198410072922705
    endloop
  endfacet
  facet normal 1 0 0
    outer loop
      vertex -4.6 12.890484321117398 23.198410072922705
      vertex -4.6 25.709515678882596 23.198410072922705
      vertex -4.6 25.79720441550016 23.316644647717474
    endloop
  endfacet
  facet normal 1 0 0
    outer loop
      vertex -4.6 12.802795584499833 23.316644647717474
      vertex -4.6 25.79720441550016 23.316644647717474
      vertex -4.6 25.87288189977407 23.442904891073702
    endloop
  endfacet
  facet normal 1 0 0
    outer loop
      vertex -4.6 12.727118100225923 23.442904891073702
      vertex -4.6 25.87288189977407 23.442904891073702
      vertex -4.6 25.935819301009175 23.57597485333681
    endloop
  endfacet
  facet normal 1 0 0
    outer loop
      vertex -4.6 12.664180698990819 23.57597485333681
      vertex -4.6 25.935819301009175 23.57597485333681
      vertex -4.6 25.98541050702333 23.71457298249006
    endloop
  endfacet
  facet normal 1 0 0
    outer loop
      vertex -4.6 12.614589492976663 23.71457298249006
      vertex -4.6 25.98541050702333 23.71457298249006
      vertex -4.6 26.021177920699117 23.8573645144701
    endloop
  endfacet
  facet normal 1 0 0
    outer loop
      vertex -4.6 12.578822079300878 23.8573645144701
      vertex -4.6 26.021177920699117 23.8573645144701
      vertex -4.6 26.042777086794374 24.002974288165568
    endloop
  endfacet
  facet normal 1 0 0
    outer loop
      vertex -4.6 12.55722291320562 24.002974288165568
      vertex -4.6 26.042777086794374 24.002974288165568
      vertex -4.6 26.049999999999997 24.15
    endloop
  endfacet
  facet normal 1 0 0
    outer loop
      vertex -4.6 17.099999997019765 24.250000001490115
      vertex -4.6 26.049999999999997 24.15
      vertex -4.6 21.50000000298023 24.250000001490115
    endloop
  endfacet
  facet normal -1 0 0
    outer loop
      vertex -6 12.549999999999997 24.15
      vertex -6 26.049999999999997 30.65
      vertex -6 26.049999999999997 24.15
    endloop
  endfacet
  facet normal 0 0.04906769566193293 -0.9987954551570747
    outer loop
      vertex -6 24.549999999999997 22.65
      vertex -6 24.697025711834428 22.657222913205622
      vertex -4.6 24.549999999999997 22.65
    endloop
  endfacet
  facet normal 0 0.14673045131624154 -0.9891765133971449
    outer loop
      vertex -6 24.697025711834428 22.657222913205622
      vertex -6 24.842635485529897 22.67882207930088
      vertex -4.6 24.697025711834428 22.657222913205622
    endloop
  endfacet
  facet normal 0 0.2429801600172223 -0.9700312581757379
    outer loop
      vertex -6 24.842635485529897 22.67882207930088
      vertex -6 24.985427017509934 22.714589492976664
      vertex -4.6 24.842635485529897 22.67882207930088
    endloop
  endfacet
  facet normal 0 0.33688986808449944 -0.9415440599260391
    outer loop
      vertex -6 24.985427017509934 22.714589492976664
      vertex -6 25.124025146663186 22.76418069899082
      vertex -4.6 24.985427017509934 22.714589492976664
    endloop
  endfacet
  facet normal 0 0.4275550731976791 -0.9039893026927517
    outer loop
      vertex -6 25.124025146663186 22.76418069899082
      vertex -6 25.257095108926293 22.827118100225924
      vertex -4.6 25.124025146663186 22.76418069899082
    endloop
  endfacet
  facet normal 0 0.5141027780042696 -0.8577285897347089
    outer loop
      vertex -6 25.257095108926293 22.827118100225924
      vertex -6 25.38335535228252 22.902795584499835
      vertex -4.6 25.257095108926293 22.827118100225924
    endloop
  endfacet
  facet normal 0 0.5956993028830408 -0.8032075326742516
    outer loop
      vertex -6 25.38335535228252 22.902795584499835
      vertex -6 25.50158992707729 22.9904843211174
      vertex -4.6 25.38335535228252 22.902795584499835
    endloop
  endfacet
  facet normal 0 0.6715589764431048 -0.7409511057814068
    outer loop
      vertex -6 25.50158992707729 22.9904843211174
      vertex -6 25.610660168528554 23.08933983147144
      vertex -4.6 25.50158992707729 22.9904843211174
    endloop
  endfacet
  facet normal 0 0.7409511057814068 -0.6715589764431048
    outer loop
      vertex -6 25.610660168528554 23.08933983147144
      vertex -6 25.709515678882596 23.198410072922705
      vertex -4.6 25.610660168528554 23.08933983147144
    endloop
  endfacet
  facet normal 0 0.8032075326742516 -0.5956993028830408
    outer loop
      vertex -6 25.709515678882596 23.198410072922705
      vertex -6 25.79720441550016 23.316644647717474
      vertex -4.6 25.709515678882596 23.198410072922705
    endloop
  endfacet
  facet normal 0 0.8577285897347089 -0.5141027780042696
    outer loop
      vertex -6 25.79720441550016 23.316644647717474
      vertex -6 25.87288189977407 23.442904891073702
      vertex -4.6 25.79720441550016 23.316644647717474
    endloop
  endfacet
  facet normal 0 0.9039893026927517 -0.4275550731976791
    outer loop
      vertex -6 25.87288189977407 23.442904891073702
      vertex -6 25.935819301009175 23.57597485333681
      vertex -4.6 25.87288189977407 23.442904891073702
    endloop
  endfacet
  facet normal 0 0.9415440599260391 -0.33688986808449944
    outer loop
      vertex -6 25.935819301009175 23.57597485333681
      vertex -6 25.98541050702333 23.71457298249006
      vertex -4.6 25.935819301009175 23.57597485333681
    endloop
  endfacet
  facet normal 0 0.9700312581757379 -0.2429801600172223
    outer loop
      vertex -6 25.98541050702333 23.71457298249006
      vertex -6 26.021177920699117 23.8573645144701
      vertex -4.6 25.98541050702333 23.71457298249006
    endloop
  endfacet
  facet normal 0 0.9891765133971449 -0.14673045131624154
    outer loop
      vertex -6 26.021177920699117 23.8573645144701
      vertex -6 26.042777086794374 24.002974288165568
      vertex -4.6 26.021177920699117 23.8573645144701
    endloop
  endfacet
  facet normal 0 0.9987954551570747 -0.04906769566193293
    outer loop
      vertex -6 26.042777086794374 24.002974288165568
      vertex -6 26.049999999999997 24.15
      vertex -4.6 26.042777086794374 24.002974288165568
    endloop
  endfacet
  facet normal 1 0 0
    outer loop
      vertex -4.6 21.50000000298023 24.250000001490115
      vertex -4.6 26.049999999999997 24.15
      vertex -4.6 21.789150561392304 24.26420505493879
    endloop
  endfacet
  facet normal 1 0 0
    outer loop
      vertex -4.6 21.789150561392304 24.26420505493879
      vertex -4.6 26.049999999999997 24.15
      vertex -4.6 22.075516450405118 24.306683422625063
    endloop
  endfacet
  facet normal 1 0 0
    outer loop
      vertex -4.6 22.075516450405118 24.306683422625063
      vertex -4.6 26.049999999999997 24.15
      vertex -4.6 22.356339800357816 24.377026008069514
    endloop
  endfacet
  facet normal 1 0 0
    outer loop
      vertex -4.6 22.356339800357816 24.377026008069514
      vertex -4.6 26.049999999999997 24.15
      vertex -4.6 22.62891612499952 24.47455538213253
    endloop
  endfacet
  facet normal 1 0 0
    outer loop
      vertex -4.6 22.62891612499952 24.47455538213253
      vertex -4.6 26.049999999999997 24.15
      vertex -4.6 22.89062037616968 24.598332272469996
    endloop
  endfacet
  facet normal 1 0 0
    outer loop
      vertex -4.6 22.89062037616968 24.598332272469996
      vertex -4.6 26.049999999999997 24.15
      vertex -4.6 23.138932186365125 24.747164645791052
    endloop
  endfacet
  facet normal 1 0 0
    outer loop
      vertex -4.6 23.138932186365125 24.747164645791052
      vertex -4.6 26.049999999999997 24.15
      vertex -4.6 23.371460187435147 24.91961915940046
    endloop
  endfacet
  facet normal 1 0 0
    outer loop
      vertex -4.6 23.371460187435147 24.91961915940046
      vertex -4.6 26.049999999999997 24.15
      vertex -4.6 23.585965003073213 25.114034996926783
    endloop
  endfacet
  facet normal 0 0.04906769566193293 -0.9987954551570747
    outer loop
      vertex -6 24.697025711834428 22.657222913205622
      vertex -4.6 24.697025711834428 22.657222913205622
      vertex -4.6 24.549999999999997 22.65
    endloop
  endfacet
  facet normal 0 0.14673045131624154 -0.9891765133971449
    outer loop
      vertex -6 24.842635485529897 22.67882207930088
      vertex -4.6 24.842635485529897 22.67882207930088
      vertex -4.6 24.697025711834428 22.657222913205622
    endloop
  endfacet
  facet normal 0 0.2429801600172223 -0.9700312581757379
    outer loop
      vertex -6 24.985427017509934 22.714589492976664
      vertex -4.6 24.985427017509934 22.714589492976664
      vertex -4.6 24.842635485529897 22.67882207930088
    endloop
  endfacet
  facet normal 0 0.33688986808449944 -0.9415440599260391
    outer loop
      vertex -6 25.124025146663186 22.76418069899082
      vertex -4.6 25.124025146663186 22.76418069899082
      vertex -4.6 24.985427017509934 22.714589492976664
    endloop
  endfacet
  facet normal 0 0.4275550731976791 -0.9039893026927517
    outer loop
      vertex -6 25.257095108926293 22.827118100225924
      vertex -4.6 25.257095108926293 22.827118100225924
      vertex -4.6 25.124025146663186 22.76418069899082
    endloop
  endfacet
  facet normal 0 0.5141027780042696 -0.8577285897347089
    outer loop
      vertex -6 25.38335535228252 22.902795584499835
      vertex -4.6 25.38335535228252 22.902795584499835
      vertex -4.6 25.257095108926293 22.827118100225924
    endloop
  endfacet
  facet normal 0 0.5956993028830408 -0.8032075326742516
    outer loop
      vertex -6 25.50158992707729 22.9904843211174
      vertex -4.6 25.50158992707729 22.9904843211174
      vertex -4.6 25.38335535228252 22.902795584499835
    endloop
  endfacet
  facet normal 0 0.6715589764431048 -0.7409511057814068
    outer loop
      vertex -6 25.610660168528554 23.08933983147144
      vertex -4.6 25.610660168528554 23.08933983147144
      vertex -4.6 25.50158992707729 22.9904843211174
    endloop
  endfacet
  facet normal 0 0.7409511057814068 -0.6715589764431048
    outer loop
      vertex -6 25.709515678882596 23.198410072922705
      vertex -4.6 25.709515678882596 23.198410072922705
      vertex -4.6 25.610660168528554 23.08933983147144
    endloop
  endfacet
  facet normal 0 0.8032075326742516 -0.5956993028830408
    outer loop
      vertex -6 25.79720441550016 23.316644647717474
      vertex -4.6 25.79720441550016 23.316644647717474
      vertex -4.6 25.709515678882596 23.198410072922705
    endloop
  endfacet
  facet normal 0 0.8577285897347089 -0.5141027780042696
    outer loop
      vertex -6 25.87288189977407 23.442904891073702
      vertex -4.6 25.87288189977407 23.442904891073702
      vertex -4.6 25.79720441550016 23.316644647717474
    endloop
  endfacet
  facet normal 0 0.9039893026927517 -0.4275550731976791
    outer loop
      vertex -6 25.935819301009175 23.57597485333681
      vertex -4.6 25.935819301009175 23.57597485333681
      vertex -4.6 25.87288189977407 23.442904891073702
    endloop
  endfacet
  facet normal 0 0.9415440599260391 -0.33688986808449944
    outer loop
      vertex -6 25.98541050702333 23.71457298249006
      vertex -4.6 25.98541050702333 23.71457298249006
      vertex -4.6 25.935819301009175 23.57597485333681
    endloop
  endfacet
  facet normal 0 0.9700312581757379 -0.2429801600172223
    outer loop
      vertex -6 26.021177920699117 23.8573645144701
      vertex -4.6 26.021177920699117 23.8573645144701
      vertex -4.6 25.98541050702333 23.71457298249006
    endloop
  endfacet
  facet normal 0 0.9891765133971449 -0.14673045131624154
    outer loop
      vertex -6 26.042777086794374 24.002974288165568
      vertex -4.6 26.042777086794374 24.002974288165568
      vertex -4.6 26.021177920699117 23.8573645144701
    endloop
  endfacet
  facet normal 0 0.9987954551570747 -0.04906769566193293
    outer loop
      vertex -6 26.049999999999997 24.15
      vertex -4.6 26.049999999999997 24.15
      vertex -4.6 26.042777086794374 24.002974288165568
    endloop
  endfacet
  facet normal 1 0 0
    outer loop
      vertex -4.6 26.049999999999997 24.15
      vertex -4.6 23.780380840599534 25.32853981256485
      vertex -4.6 23.585965003073213 25.114034996926783
    endloop
  endfacet
  facet normal 1 0 0
    outer loop
      vertex -4.6 26.049999999999997 24.15
      vertex -4.6 23.952835354208943 25.56106781363487
      vertex -4.6 23.780380840599534 25.32853981256485
    endloop
  endfacet
  facet normal 0 1 0
    outer loop
      vertex -6 26.049999999999997 24.15
      vertex -6 26.049999999999997 30.65
      vertex -4.6 26.049999999999997 24.15
    endloop
  endfacet
  facet normal 1 0 0
    outer loop
      vertex -4.6 26.049999999999997 24.15
      vertex -4.6 24.10166772753 25.809379623830317
      vertex -4.6 23.952835354208943 25.56106781363487
    endloop
  endfacet
  facet normal 1 0 0
    outer loop
      vertex -4.6 26.049999999999997 24.15
      vertex -4.6 24.225444617867467 26.071083875000475
      vertex -4.6 24.10166772753 25.809379623830317
    endloop
  endfacet
  facet normal 1 0 0
    outer loop
      vertex -4.6 26.049999999999997 24.15
      vertex -4.6 24.322973991930482 26.34366019964218
      vertex -4.6 24.225444617867467 26.071083875000475
    endloop
  endfacet
  facet normal 1 0 0
    outer loop
      vertex -4.6 26.049999999999997 24.15
      vertex -4.6 24.393316577374932 26.624483549594878
      vertex -4.6 24.322973991930482 26.34366019964218
    endloop
  endfacet
  facet normal 1 0 0
    outer loop
      vertex -4.6 26.049999999999997 24.15
      vertex -4.6 24.435794945061204 26.91084943860769
      vertex -4.6 24.393316577374932 26.624483549594878
    endloop
  endfacet
  facet normal 1 0 0
    outer loop
      vertex -4.6 26.049999999999997 24.15
      vertex -4.6 24.44999999850988 27.199999997019766
      vertex -4.6 24.435794945061204 26.91084943860769
    endloop
  endfacet
  facet normal 1 0 0
    outer loop
      vertex -4.6 26.049999999999997 24.15
      vertex -4.6 24.44999999850988 27.60000000298023
      vertex -4.6 24.44999999850988 27.199999997019766
    endloop
  endfacet
  facet normal 1 0 0
    outer loop
      vertex -4.6 26.049999999999997 24.15
      vertex -4.6 24.435794945061204 27.889150561392306
      vertex -4.6 24.44999999850988 27.60000000298023
    endloop
  endfacet
  facet normal -1 0 0
    outer loop
      vertex -6 12.549999999999997 24.15
      vertex -6 20.384212494699792 28.52158109199878
      vertex -6 26.049999999999997 30.65
    endloop
  endfacet
  facet normal -1 0 0
    outer loop
      vertex -6 26.049999999999997 30.65
      vertex -6 20.384212494699792 28.52158109199878
      vertex -6 20.57781153594508 28.637619891704144
    endloop
  endfacet
  facet normal -1 0 0
    outer loop
      vertex -6 26.049999999999997 30.65
      vertex -6 20.57781153594508 28.637619891704144
      vertex -6 20.759104553576382 28.772075957265702
    endloop
  endfacet
  facet normal -1 0 0
    outer loop
      vertex -6 26.049999999999997 30.65
      vertex -6 20.759104553576382 28.772075957265702
      vertex -6 20.926345596729057 28.923654403270938
    endloop
  endfacet
  facet normal -1 0 0
    outer loop
      vertex -6 25.124025146663186 32.03581930100918
      vertex -6 21.077924042734292 32.00910455357638
      vertex -6 20.950223853740557 32.15
    endloop
  endfacet
  facet normal -1 0 0
    outer loop
      vertex -6 25.38335535228252 31.897204415500163
      vertex -6 21.21238010829585 31.82781153594508
      vertex -6 21.077924042734292 32.00910455357638
    endloop
  endfacet
  facet normal 0 0 1
    outer loop
      vertex -6 24.549999999999997 32.15
      vertex -6 20.950223853740557 32.15
      vertex -4.6 20.95022385374056 32.15
    endloop
  endfacet
  facet normal 1 0 0
    outer loop
      vertex -4.6 21.789150561392304 30.535794945061205
      vertex -4.6 21.599999999999998 30.549999999999997
      vertex -4.6 21.599759236311634 30.545099142536255
    endloop
  endfacet
  facet normal 1 0 0
    outer loop
      vertex -4.6 24.549999999999997 32.15
      vertex -4.6 20.95022385374056 32.15
      vertex -4.6 21.077924042734292 32.00910455357638
    endloop
  endfacet
  facet normal 1 0 0
    outer loop
      vertex -4.6 25.38335535228252 31.897204415500163
      vertex -4.6 21.21238010829585 31.82781153594508
      vertex -4.6 21.328418908001215 31.634212494699792
    endloop
  endfacet
  facet normal 1 0 0
    outer loop
      vertex -4.6 25.124025146663186 32.03581930100918
      vertex -4.6 21.077924042734292 32.00910455357638
      vertex -4.6 21.21238010829585 31.82781153594508
    endloop
  endfacet
  facet normal -1 0 0
    outer loop
      vertex -6 26.049999999999997 30.65
      vertex -6 20.926345596729057 28.923654403270938
      vertex -6 21.077924042734292 29.090895446423612
    endloop
  endfacet
  facet normal -1 0 0
    outer loop
      vertex -6 26.049999999999997 30.65
      vertex -6 21.077924042734292 29.090895446423612
      vertex -6 21.21238010829585 29.272188464054913
    endloop
  endfacet
  facet normal 0 1 0
    outer loop
      vertex -4.6 26.049999999999997 24.15
      vertex -6 26.049999999999997 30.65
      vertex -4.6 26.049999999999997 30.65
    endloop
  endfacet
  facet normal 1 0 0
    outer loop
      vertex -4.6 26.049999999999997 24.15
      vertex -4.6 26.049999999999997 30.65
      vertex -4.6 24.435794945061204 27.889150561392306
    endloop
  endfacet
  facet normal 1 0 0
    outer loop
      vertex -4.6 24.435794945061204 27.889150561392306
      vertex -4.6 26.049999999999997 30.65
      vertex -4.6 24.393316577374932 28.17551645040512
    endloop
  endfacet
  facet normal 1 0 0
    outer loop
      vertex -4.6 24.322973991930482 28.456339800357817
      vertex -4.6 24.393316577374932 28.17551645040512
      vertex -4.6 26.049999999999997 30.65
    endloop
  endfacet
  facet normal 1 0 0
    outer loop
      vertex -4.6 24.10166772753 28.99062037616968
      vertex -4.6 26.049999999999997 30.65
      vertex -4.6 23.952835354208943 29.238932186365126
    endloop
  endfacet
  facet normal 1 0 0
    outer loop
      vertex -4.6 24.322973991930482 28.456339800357817
      vertex -4.6 26.049999999999997 30.65
      vertex -4.6 24.225444617867467 28.72891612499952
    endloop
  endfacet
  facet normal 1 0 0
    outer loop
      vertex -4.6 24.225444617867467 28.72891612499952
      vertex -4.6 26.049999999999997 30.65
      vertex -4.6 24.10166772753 28.99062037616968
    endloop
  endfacet
  facet normal -1 0 0
    outer loop
      vertex -6 26.049999999999997 30.65
      vertex -6 21.21238010829585 29.272188464054913
      vertex -6 21.328418908001215 29.465787505300202
    endloop
  endfacet
  facet normal -1 0 0
    outer loop
      vertex -6 26.049999999999997 30.65
      vertex -6 21.328418908001215 29.465787505300202
      vertex -6 21.424922924775956 29.669828105560292
    endloop
  endfacet
  facet normal -1 0 0
    outer loop
      vertex -6 26.049999999999997 30.65
      vertex -6 21.424922924775956 29.669828105560292
      vertex -6 21.500962772184078 29.882345242314734
    endloop
  endfacet
  facet normal -1 0 0
    outer loop
      vertex -6 26.049999999999997 30.65
      vertex -6 21.500962772184078 29.882345242314734
      vertex -6 21.555806144927427 30.101292259362904
    endloop
  endfacet
  facet normal -1 0 0
    outer loop
      vertex -6 26.049999999999997 30.65
      vertex -6 21.555806144927427 30.101292259362904
      vertex -6 21.58892487134605 30.324560577242007
    endloop
  endfacet
  facet normal -1 0 0
    outer loop
      vertex -6 26.049999999999997 30.65
      vertex -6 21.58892487134605 30.324560577242007
      vertex -6 21.599999999999998 30.549999999999997
    endloop
  endfacet
  facet normal -1 0 0
    outer loop
      vertex -6 26.049999999999997 30.65
      vertex -6 21.599999999999998 30.549999999999997
      vertex -6 21.58892487134605 30.775439422757987
    endloop
  endfacet
  facet normal -1 0 0
    outer loop
      vertex -6 26.042777086794374 30.79702571183443
      vertex -6 21.58892487134605 30.775439422757987
      vertex -6 21.555806144927427 30.99870774063709
    endloop
  endfacet
  facet normal -1 0 0
    outer loop
      vertex -6 25.98541050702333 31.085427017509936
      vertex -6 21.555806144927427 30.99870774063709
      vertex -6 21.500962772184078 31.21765475768526
    endloop
  endfacet
  facet normal -1 0 0
    outer loop
      vertex -6 25.79720441550016 31.483355352282523
      vertex -6 21.424922924775956 31.430171894439702
      vertex -6 21.328418908001215 31.634212494699792
    endloop
  endfacet
  facet normal -1 0 0
    outer loop
      vertex -6 25.935819301009175 31.224025146663188
      vertex -6 21.500962772184078 31.21765475768526
      vertex -6 21.424922924775956 31.430171894439702
    endloop
  endfacet
  facet normal -1 0 0
    outer loop
      vertex -6 25.610660168528554 31.710660168528555
      vertex -6 21.328418908001215 31.634212494699792
      vertex -6 21.21238010829585 31.82781153594508
    endloop
  endfacet
  facet normal -1 0 0
    outer loop
      vertex -6 24.549999999999997 32.15
      vertex -6 24.697025711834428 32.142777086794375
      vertex -6 20.950223853740557 32.15
    endloop
  endfacet
  facet normal -1 0 0
    outer loop
      vertex -6 24.697025711834428 32.142777086794375
      vertex -6 24.842635485529897 32.12117792069912
      vertex -6 20.950223853740557 32.15
    endloop
  endfacet
  facet normal -1 0 0
    outer loop
      vertex -6 24.842635485529897 32.12117792069912
      vertex -6 24.985427017509934 32.08541050702333
      vertex -6 20.950223853740557 32.15
    endloop
  endfacet
  facet normal -1 0 0
    outer loop
      vertex -6 24.985427017509934 32.08541050702333
      vertex -6 25.124025146663186 32.03581930100918
      vertex -6 20.950223853740557 32.15
    endloop
  endfacet
  facet normal -1 0 0
    outer loop
      vertex -6 25.257095108926293 31.972881899774073
      vertex -6 25.38335535228252 31.897204415500163
      vertex -6 21.077924042734292 32.00910455357638
    endloop
  endfacet
  facet normal -1 0 0
    outer loop
      vertex -6 25.124025146663186 32.03581930100918
      vertex -6 25.257095108926293 31.972881899774073
      vertex -6 21.077924042734292 32.00910455357638
    endloop
  endfacet
  facet normal -1 0 0
    outer loop
      vertex -6 25.50158992707729 31.809515678882597
      vertex -6 21.21238010829585 31.82781153594508
      vertex -6 25.38335535228252 31.897204415500163
    endloop
  endfacet
  facet normal -1 0 0
    outer loop
      vertex -6 25.50158992707729 31.809515678882597
      vertex -6 25.610660168528554 31.710660168528555
      vertex -6 21.21238010829585 31.82781153594508
    endloop
  endfacet
  facet normal -1 0 0
    outer loop
      vertex -6 25.610660168528554 31.710660168528555
      vertex -6 25.709515678882596 31.601589927077292
      vertex -6 21.328418908001215 31.634212494699792
    endloop
  endfacet
  facet normal -1 0 0
    outer loop
      vertex -6 25.79720441550016 31.483355352282523
      vertex -6 21.328418908001215 31.634212494699792
      vertex -6 25.709515678882596 31.601589927077292
    endloop
  endfacet
  facet normal -1 0 0
    outer loop
      vertex -6 26.049999999999997 30.65
      vertex -6 21.58892487134605 30.775439422757987
      vertex -6 26.042777086794374 30.79702571183443
    endloop
  endfacet
  facet normal -1 0 0
    outer loop
      vertex -6 26.042777086794374 30.79702571183443
      vertex -6 21.555806144927427 30.99870774063709
      vertex -6 26.021177920699117 30.942635485529898
    endloop
  endfacet
  facet normal 0 0.9987954551570747 0.04906769566193293
    outer loop
      vertex -6 26.049999999999997 30.65
      vertex -6 26.042777086794374 30.79702571183443
      vertex -4.6 26.049999999999997 30.65
    endloop
  endfacet
  facet normal 0 0.9891765133971449 0.14673045131624154
    outer loop
      vertex -6 26.042777086794374 30.79702571183443
      vertex -6 26.021177920699117 30.942635485529898
      vertex -4.6 26.042777086794374 30.79702571183443
    endloop
  endfacet
  facet normal -1 0 0
    outer loop
      vertex -6 26.021177920699117 30.942635485529898
      vertex -6 21.555806144927427 30.99870774063709
      vertex -6 25.98541050702333 31.085427017509936
    endloop
  endfacet
  facet normal -1 0 0
    outer loop
      vertex -6 25.98541050702333 31.085427017509936
      vertex -6 21.500962772184078 31.21765475768526
      vertex -6 25.935819301009175 31.224025146663188
    endloop
  endfacet
  facet normal -1 0 0
    outer loop
      vertex -6 25.935819301009175 31.224025146663188
      vertex -6 21.424922924775956 31.430171894439702
      vertex -6 25.87288189977407 31.357095108926295
    endloop
  endfacet
  facet normal -1 0 0
    outer loop
      vertex -6 25.79720441550016 31.483355352282523
      vertex -6 25.87288189977407 31.357095108926295
      vertex -6 21.424922924775956 31.430171894439702
    endloop
  endfacet
  facet normal 0 0.04906769566193293 0.9987954551570747
    outer loop
      vertex -6 24.549999999999997 32.15
      vertex -4.6 24.697025711834428 32.142777086794375
      vertex -6 24.697025711834428 32.142777086794375
    endloop
  endfacet
  facet normal 0 0.14673045131624154 0.9891765133971449
    outer loop
      vertex -6 24.697025711834428 32.142777086794375
      vertex -4.6 24.842635485529897 32.12117792069912
      vertex -6 24.842635485529897 32.12117792069912
    endloop
  endfacet
  facet normal 0 0.2429801600172223 0.9700312581757379
    outer loop
      vertex -6 24.842635485529897 32.12117792069912
      vertex -4.6 24.985427017509934 32.08541050702333
      vertex -6 24.985427017509934 32.08541050702333
    endloop
  endfacet
  facet normal 0 0.33688986808449944 0.9415440599260391
    outer loop
      vertex -6 24.985427017509934 32.08541050702333
      vertex -4.6 25.124025146663186 32.03581930100918
      vertex -6 25.124025146663186 32.03581930100918
    endloop
  endfacet
  facet normal 0 0.9700312581757379 0.2429801600172223
    outer loop
      vertex -6 26.021177920699117 30.942635485529898
      vertex -6 25.98541050702333 31.085427017509936
      vertex -4.6 26.021177920699117 30.942635485529898
    endloop
  endfacet
  facet normal 0 0.9415440599260391 0.33688986808449944
    outer loop
      vertex -6 25.98541050702333 31.085427017509936
      vertex -6 25.935819301009175 31.224025146663188
      vertex -4.6 25.98541050702333 31.085427017509936
    endloop
  endfacet
  facet normal 0 0.8032075326742516 0.5956993028830408
    outer loop
      vertex -6 25.79720441550016 31.483355352282523
      vertex -6 25.709515678882596 31.601589927077292
      vertex -4.6 25.79720441550016 31.483355352282523
    endloop
  endfacet
  facet normal 0 0.9039893026927517 0.4275550731976791
    outer loop
      vertex -6 25.935819301009175 31.224025146663188
      vertex -6 25.87288189977407 31.357095108926295
      vertex -4.6 25.935819301009175 31.224025146663188
    endloop
  endfacet
  facet normal 0 0.8577285897347089 0.5141027780042696
    outer loop
      vertex -6 25.79720441550016 31.483355352282523
      vertex -4.6 25.87288189977407 31.357095108926295
      vertex -6 25.87288189977407 31.357095108926295
    endloop
  endfacet
  facet normal 0 0.5956993028830408 0.8032075326742516
    outer loop
      vertex -6 25.50158992707729 31.809515678882597
      vertex -6 25.38335535228252 31.897204415500163
      vertex -4.6 25.50158992707729 31.809515678882597
    endloop
  endfacet
  facet normal 0 0.6715589764431048 0.7409511057814068
    outer loop
      vertex -6 25.50158992707729 31.809515678882597
      vertex -4.6 25.610660168528554 31.710660168528555
      vertex -6 25.610660168528554 31.710660168528555
    endloop
  endfacet
  facet normal 0 0.4275550731976791 0.9039893026927517
    outer loop
      vertex -6 25.124025146663186 32.03581930100918
      vertex -4.6 25.257095108926293 31.972881899774073
      vertex -6 25.257095108926293 31.972881899774073
    endloop
  endfacet
  facet normal 0 0.5141027780042696 0.8577285897347089
    outer loop
      vertex -6 25.257095108926293 31.972881899774073
      vertex -4.6 25.38335535228252 31.897204415500163
      vertex -6 25.38335535228252 31.897204415500163
    endloop
  endfacet
  facet normal 0 0.7409511057814068 0.6715589764431048
    outer loop
      vertex -6 25.610660168528554 31.710660168528555
      vertex -4.6 25.709515678882596 31.601589927077292
      vertex -6 25.709515678882596 31.601589927077292
    endloop
  endfacet
  facet normal 1 0 0
    outer loop
      vertex -4.6 26.042777086794374 30.79702571183443
      vertex -4.6 21.58892487134605 30.775439422757987
      vertex -4.6 21.599999999999998 30.549999999999997
    endloop
  endfacet
  facet normal 1 0 0
    outer loop
      vertex -4.6 25.98541050702333 31.085427017509936
      vertex -4.6 21.555806144927427 30.99870774063709
      vertex -4.6 21.58892487134605 30.775439422757987
    endloop
  endfacet
  facet normal 1 0 0
    outer loop
      vertex -4.6 21.789150561392304 30.535794945061205
      vertex -4.6 26.049999999999997 30.65
      vertex -4.6 21.599999999999998 30.549999999999997
    endloop
  endfacet
  facet normal 1 0 0
    outer loop
      vertex -4.6 21.789150561392304 30.535794945061205
      vertex -4.6 22.075516450405118 30.493316577374934
      vertex -4.6 26.049999999999997 30.65
    endloop
  endfacet
  facet normal 1 0 0
    outer loop
      vertex -4.6 22.075516450405118 30.493316577374934
      vertex -4.6 22.356339800357816 30.422973991930483
      vertex -4.6 26.049999999999997 30.65
    endloop
  endfacet
  facet normal 1 0 0
    outer loop
      vertex -4.6 22.89062037616968 30.20166772753
      vertex -4.6 23.138932186365125 30.052835354208945
      vertex -4.6 26.049999999999997 30.65
    endloop
  endfacet
  facet normal 1 0 0
    outer loop
      vertex -4.6 23.138932186365125 30.052835354208945
      vertex -4.6 23.371460187435147 29.880380840599535
      vertex -4.6 26.049999999999997 30.65
    endloop
  endfacet
  facet normal 1 0 0
    outer loop
      vertex -4.6 23.585965003073213 29.685965003073214
      vertex -4.6 26.049999999999997 30.65
      vertex -4.6 23.371460187435147 29.880380840599535
    endloop
  endfacet
  facet normal 1 0 0
    outer loop
      vertex -4.6 22.62891612499952 30.32544461786747
      vertex -4.6 26.049999999999997 30.65
      vertex -4.6 22.356339800357816 30.422973991930483
    endloop
  endfacet
  facet normal 1 0 0
    outer loop
      vertex -4.6 22.62891612499952 30.32544461786747
      vertex -4.6 22.89062037616968 30.20166772753
      vertex -4.6 26.049999999999997 30.65
    endloop
  endfacet
  facet normal 0 0 1
    outer loop
      vertex -6 24.549999999999997 32.15
      vertex -4.6 20.95022385374056 32.15
      vertex -4.6 24.549999999999997 32.15
    endloop
  endfacet
  facet normal 1 0 0
    outer loop
      vertex -4.6 25.935819301009175 31.224025146663188
      vertex -4.6 21.500962772184078 31.21765475768526
      vertex -4.6 21.555806144927427 30.99870774063709
    endloop
  endfacet
  facet normal 1 0 0
    outer loop
      vertex -4.6 25.79720441550016 31.483355352282523
      vertex -4.6 21.424922924775956 31.430171894439702
      vertex -4.6 21.500962772184078 31.21765475768526
    endloop
  endfacet
  facet normal 1 0 0
    outer loop
      vertex -4.6 25.610660168528554 31.710660168528555
      vertex -4.6 21.328418908001215 31.634212494699792
      vertex -4.6 21.424922924775956 31.430171894439702
    endloop
  endfacet
  facet normal 1 0 0
    outer loop
      vertex -4.6 24.549999999999997 32.15
      vertex -4.6 21.077924042734292 32.00910455357638
      vertex -4.6 24.697025711834428 32.142777086794375
    endloop
  endfacet
  facet normal 1 0 0
    outer loop
      vertex -4.6 25.79720441550016 31.483355352282523
      vertex -4.6 25.709515678882596 31.601589927077292
      vertex -4.6 21.424922924775956 31.430171894439702
    endloop
  endfacet
  facet normal 1 0 0
    outer loop
      vertex -4.6 24.697025711834428 32.142777086794375
      vertex -4.6 21.077924042734292 32.00910455357638
      vertex -4.6 24.842635485529897 32.12117792069912
    endloop
  endfacet
  facet normal 1 0 0
    outer loop
      vertex -4.6 24.842635485529897 32.12117792069912
      vertex -4.6 21.077924042734292 32.00910455357638
      vertex -4.6 24.985427017509934 32.08541050702333
    endloop
  endfacet
  facet normal 1 0 0
    outer loop
      vertex -4.6 24.985427017509934 32.08541050702333
      vertex -4.6 21.077924042734292 32.00910455357638
      vertex -4.6 25.124025146663186 32.03581930100918
    endloop
  endfacet
  facet normal 1 0 0
    outer loop
      vertex -4.6 25.124025146663186 32.03581930100918
      vertex -4.6 21.21238010829585 31.82781153594508
      vertex -4.6 25.257095108926293 31.972881899774073
    endloop
  endfacet
  facet normal 1 0 0
    outer loop
      vertex -4.6 25.50158992707729 31.809515678882597
      vertex -4.6 21.328418908001215 31.634212494699792
      vertex -4.6 25.610660168528554 31.710660168528555
    endloop
  endfacet
  facet normal 1 0 0
    outer loop
      vertex -4.6 25.50158992707729 31.809515678882597
      vertex -4.6 25.38335535228252 31.897204415500163
      vertex -4.6 21.328418908001215 31.634212494699792
    endloop
  endfacet
  facet normal 1 0 0
    outer loop
      vertex -4.6 25.610660168528554 31.710660168528555
      vertex -4.6 21.424922924775956 31.430171894439702
      vertex -4.6 25.709515678882596 31.601589927077292
    endloop
  endfacet
  facet normal 1 0 0
    outer loop
      vertex -4.6 25.257095108926293 31.972881899774073
      vertex -4.6 21.21238010829585 31.82781153594508
      vertex -4.6 25.38335535228252 31.897204415500163
    endloop
  endfacet
  facet normal 0 0.9987954551570747 0.04906769566193293
    outer loop
      vertex -6 26.042777086794374 30.79702571183443
      vertex -4.6 26.042777086794374 30.79702571183443
      vertex -4.6 26.049999999999997 30.65
    endloop
  endfacet
  facet normal 0 0.9891765133971449 0.14673045131624154
    outer loop
      vertex -6 26.021177920699117 30.942635485529898
      vertex -4.6 26.021177920699117 30.942635485529898
      vertex -4.6 26.042777086794374 30.79702571183443
    endloop
  endfacet
  facet normal 1 0 0
    outer loop
      vertex -4.6 23.780380840599534 29.47146018743515
      vertex -4.6 26.049999999999997 30.65
      vertex -4.6 23.585965003073213 29.685965003073214
    endloop
  endfacet
  facet normal 1 0 0
    outer loop
      vertex -4.6 23.780380840599534 29.47146018743515
      vertex -4.6 23.952835354208943 29.238932186365126
      vertex -4.6 26.049999999999997 30.65
    endloop
  endfacet
  facet normal 1 0 0
    outer loop
      vertex -4.6 26.049999999999997 30.65
      vertex -4.6 26.042777086794374 30.79702571183443
      vertex -4.6 21.599999999999998 30.549999999999997
    endloop
  endfacet
  facet normal 1 0 0
    outer loop
      vertex -4.6 26.042777086794374 30.79702571183443
      vertex -4.6 26.021177920699117 30.942635485529898
      vertex -4.6 21.58892487134605 30.775439422757987
    endloop
  endfacet
  facet normal 1 0 0
    outer loop
      vertex -4.6 26.021177920699117 30.942635485529898
      vertex -4.6 25.98541050702333 31.085427017509936
      vertex -4.6 21.58892487134605 30.775439422757987
    endloop
  endfacet
  facet normal 0 0.04906769566193293 0.9987954551570747
    outer loop
      vertex -6 24.549999999999997 32.15
      vertex -4.6 24.549999999999997 32.15
      vertex -4.6 24.697025711834428 32.142777086794375
    endloop
  endfacet
  facet normal 0 0.14673045131624154 0.9891765133971449
    outer loop
      vertex -6 24.697025711834428 32.142777086794375
      vertex -4.6 24.697025711834428 32.142777086794375
      vertex -4.6 24.842635485529897 32.12117792069912
    endloop
  endfacet
  facet normal 0 0.2429801600172223 0.9700312581757379
    outer loop
      vertex -6 24.842635485529897 32.12117792069912
      vertex -4.6 24.842635485529897 32.12117792069912
      vertex -4.6 24.985427017509934 32.08541050702333
    endloop
  endfacet
  facet normal 0 0.33688986808449944 0.9415440599260391
    outer loop
      vertex -6 24.985427017509934 32.08541050702333
      vertex -4.6 24.985427017509934 32.08541050702333
      vertex -4.6 25.124025146663186 32.03581930100918
    endloop
  endfacet
  facet normal 0 0.4275550731976791 0.9039893026927517
    outer loop
      vertex -6 25.124025146663186 32.03581930100918
      vertex -4.6 25.124025146663186 32.03581930100918
      vertex -4.6 25.257095108926293 31.972881899774073
    endloop
  endfacet
  facet normal 0 0.9700312581757379 0.2429801600172223
    outer loop
      vertex -6 25.98541050702333 31.085427017509936
      vertex -4.6 25.98541050702333 31.085427017509936
      vertex -4.6 26.021177920699117 30.942635485529898
    endloop
  endfacet
  facet normal 0 0.9415440599260391 0.33688986808449944
    outer loop
      vertex -6 25.935819301009175 31.224025146663188
      vertex -4.6 25.935819301009175 31.224025146663188
      vertex -4.6 25.98541050702333 31.085427017509936
    endloop
  endfacet
  facet normal 0 0.8577285897347089 0.5141027780042696
    outer loop
      vertex -6 25.79720441550016 31.483355352282523
      vertex -4.6 25.79720441550016 31.483355352282523
      vertex -4.6 25.87288189977407 31.357095108926295
    endloop
  endfacet
  facet normal 0 0.9039893026927517 0.4275550731976791
    outer loop
      vertex -6 25.87288189977407 31.357095108926295
      vertex -4.6 25.87288189977407 31.357095108926295
      vertex -4.6 25.935819301009175 31.224025146663188
    endloop
  endfacet
  facet normal 0 0.6715589764431048 0.7409511057814068
    outer loop
      vertex -6 25.50158992707729 31.809515678882597
      vertex -4.6 25.50158992707729 31.809515678882597
      vertex -4.6 25.610660168528554 31.710660168528555
    endloop
  endfacet
  facet normal 0 0.5141027780042696 0.8577285897347089
    outer loop
      vertex -6 25.257095108926293 31.972881899774073
      vertex -4.6 25.257095108926293 31.972881899774073
      vertex -4.6 25.38335535228252 31.897204415500163
    endloop
  endfacet
  facet normal 0 0.5956993028830408 0.8032075326742516
    outer loop
      vertex -6 25.38335535228252 31.897204415500163
      vertex -4.6 25.38335535228252 31.897204415500163
      vertex -4.6 25.50158992707729 31.809515678882597
    endloop
  endfacet
  facet normal 0 0.7409511057814068 0.6715589764431048
    outer loop
      vertex -6 25.610660168528554 31.710660168528555
      vertex -4.6 25.610660168528554 31.710660168528555
      vertex -4.6 25.709515678882596 31.601589927077292
    endloop
  endfacet
  facet normal 0 0.8032075326742516 0.5956993028830408
    outer loop
      vertex -6 25.709515678882596 31.601589927077292
      vertex -4.6 25.709515678882596 31.601589927077292
      vertex -4.6 25.79720441550016 31.483355352282523
    endloop
  endfacet
  facet normal 1 0 0
    outer loop
      vertex -4.6 25.98541050702333 31.085427017509936
      vertex -4.6 25.935819301009175 31.224025146663188
      vertex -4.6 21.555806144927427 30.99870774063709
    endloop
  endfacet
  facet normal 1 0 0
    outer loop
      vertex -4.6 25.935819301009175 31.224025146663188
      vertex -4.6 25.87288189977407 31.357095108926295
      vertex -4.6 21.500962772184078 31.21765475768526
    endloop
  endfacet
  facet normal 1 0 0
    outer loop
      vertex -4.6 25.79720441550016 31.483355352282523
      vertex -4.6 21.500962772184078 31.21765475768526
      vertex -4.6 25.87288189977407 31.357095108926295
    endloop
  endfacet
  facet normal -7.854221072190863e-16 0.9987954562051726 0.0490676743274132
    outer loop
      vertex -4.6 17.00024076368836 30.545099142536255
      vertex -6 17.011075128653943 30.324560577242007
      vertex -6 16.999999999999996 30.549999999999997
    endloop
  endfacet
  facet normal 3.5760066640431733e-19 0.9987954562051726 -0.0490676743274132
    outer loop
      vertex -6 16.999999999999996 30.549999999999997
      vertex -6 17.011075128653943 30.775439422757987
      vertex -4.6 17.011075128653943 30.775439422757987
    endloop
  endfacet
  facet normal 9.891211292600554e-19 0.9891765099647795 -0.1467304744553717
    outer loop
      vertex -6 17.011075128653943 30.775439422757987
      vertex -6 17.044193855072567 30.99870774063709
      vertex -4.6 17.044193855072567 30.99870774063709
    endloop
  endfacet
  facet normal 1.4671860779564893e-18 0.9700312531945449 -0.24298017990326073
    outer loop
      vertex -6 17.044193855072567 30.99870774063709
      vertex -6 17.099037227815916 31.21765475768526
      vertex -4.6 17.099037227815916 31.21765475768526
    endloop
  endfacet
  facet normal 5.448743085769335e-18 0.9415440651830188 -0.3368898533922256
    outer loop
      vertex -6 17.099037227815916 31.21765475768526
      vertex -6 17.17507707522404 31.430171894439702
      vertex -4.6 17.17507707522404 31.430171894439702
    endloop
  endfacet
  facet normal -3.532428459295951e-18 0.9039892931234478 -0.4275550934302726
    outer loop
      vertex -6 17.17507707522404 31.430171894439702
      vertex -6 17.27158109199878 31.634212494699792
      vertex -4.6 17.27158109199878 31.634212494699792
    endloop
  endfacet
  facet normal 5.113234507146598e-18 0.8577286100002658 -0.514102744193232
    outer loop
      vertex -6 17.27158109199878 31.634212494699792
      vertex -6 17.387619891704144 31.82781153594508
      vertex -4.6 17.387619891704144 31.82781153594508
    endloop
  endfacet
  facet normal 4.2504506458485155e-18 0.8032075314806438 -0.595699304492435
    outer loop
      vertex -6 17.387619891704144 31.82781153594508
      vertex -6 17.522075957265702 32.00910455357638
      vertex -4.6 17.522075957265702 32.00910455357638
    endloop
  endfacet
  facet normal -1.8802765702651698e-15 0.7409511253549733 -0.6715589548470026
    outer loop
      vertex -6 17.649776146259434 32.15
      vertex -4.6 17.649776146259438 32.15
      vertex -6 17.522075957265702 32.00910455357638
    endloop
  endfacet
  facet normal -1.1249566934973883e-20 0.9987954562051616 0.049067674327637034
    outer loop
      vertex -4.6 17.00024076368836 30.545099142536255
      vertex -6 16.999999999999996 30.549999999999997
      vertex -4.6 16.999999999999996 30.549999999999997
    endloop
  endfacet
  facet normal 3.5760066640431733e-19 0.9987954562051726 -0.0490676743274132
    outer loop
      vertex -4.6 17.011075128653943 30.775439422757987
      vertex -4.6 16.999999999999996 30.549999999999997
      vertex -6 16.999999999999996 30.549999999999997
    endloop
  endfacet
  facet normal 9.891211292600554e-19 0.9891765099647795 -0.1467304744553717
    outer loop
      vertex -4.6 17.044193855072567 30.99870774063709
      vertex -4.6 17.011075128653943 30.775439422757987
      vertex -6 17.011075128653943 30.775439422757987
    endloop
  endfacet
  facet normal 0 0.9700312531945449 -0.24298017990326073
    outer loop
      vertex -6 17.044193855072567 30.99870774063709
      vertex -4.6 17.099037227815916 31.21765475768526
      vertex -4.6 17.044193855072567 30.99870774063709
    endloop
  endfacet
  facet normal 5.448743085769335e-18 0.9415440651830188 -0.3368898533922256
    outer loop
      vertex -4.6 17.17507707522404 31.430171894439702
      vertex -4.6 17.099037227815916 31.21765475768526
      vertex -6 17.099037227815916 31.21765475768526
    endloop
  endfacet
  facet normal 0 0.9039892931234478 -0.4275550934302726
    outer loop
      vertex -6 17.17507707522404 31.430171894439702
      vertex -4.6 17.27158109199878 31.634212494699792
      vertex -4.6 17.17507707522404 31.430171894439702
    endloop
  endfacet
  facet normal 5.113234507146598e-18 0.8577286100002658 -0.514102744193232
    outer loop
      vertex -4.6 17.387619891704144 31.82781153594508
      vertex -4.6 17.27158109199878 31.634212494699792
      vertex -6 17.27158109199878 31.634212494699792
    endloop
  endfacet
  facet normal 4.2504506458485155e-18 0.8032075314806438 -0.595699304492435
    outer loop
      vertex -4.6 17.522075957265702 32.00910455357638
      vertex -4.6 17.387619891704144 31.82781153594508
      vertex -6 17.387619891704144 31.82781153594508
    endloop
  endfacet
  facet normal 1.4698916191077595e-18 0.7409511253549641 -0.6715589548470128
    outer loop
      vertex -4.6 17.649776146259438 32.15
      vertex -4.6 17.522075957265702 32.00910455357638
      vertex -6 17.522075957265702 32.00910455357638
    endloop
  endfacet
  facet normal 4.3262097337377004e-19 0.7409511253549609 0.6715589548470164
    outer loop
      vertex -6 17.673654403270938 28.923654403270938
      vertex -6 17.522075957265702 29.090895446423612
      vertex 1 17.522075957265702 29.090895446423612
    endloop
  endfacet
  facet normal -1.02264690142932e-18 0.8577286100002659 0.5141027441932321
    outer loop
      vertex -6 17.387619891704144 29.272188464054913
      vertex -6 17.27158109199878 29.465787505300202
      vertex 1 17.27158109199878 29.465787505300202
    endloop
  endfacet
  facet normal -1.5402013554331918e-19 0.8032075314806493 0.5956993044924275
    outer loop
      vertex -6 17.522075957265702 29.090895446423612
      vertex -6 17.387619891704144 29.272188464054913
      vertex 1 17.387619891704144 29.272188464054913
    endloop
  endfacet
  facet normal 7.064856918591904e-19 0.9039892931234478 0.42755509343027265
    outer loop
      vertex -6 17.27158109199878 29.465787505300202
      vertex -6 17.17507707522404 29.669828105560292
      vertex 1 17.17507707522404 29.669828105560292
    endloop
  endfacet
  facet normal 0 0.42755509343027265 0.9039892931234478
    outer loop
      vertex -6 18.215787505300202 28.52158109199878
      vertex 1 18.215787505300202 28.52158109199878
      vertex -6 18.419828105560292 28.42507707522404
    endloop
  endfacet
  facet normal 0 0.33688985339222566 0.9415440651830189
    outer loop
      vertex -6 18.419828105560292 28.42507707522404
      vertex 1 18.419828105560292 28.42507707522404
      vertex -6 18.632345242314734 28.349037227815916
    endloop
  endfacet
  facet normal 0 0.24298017990326073 0.9700312531945449
    outer loop
      vertex -6 18.632345242314734 28.349037227815916
      vertex 1 18.632345242314734 28.349037227815916
      vertex -6 18.851292259362904 28.294193855072567
    endloop
  endfacet
  facet normal 0 0.14673047445537168 0.9891765099647793
    outer loop
      vertex -6 18.851292259362904 28.294193855072567
      vertex 1 18.851292259362904 28.294193855072567
      vertex -6 19.074560577242007 28.261075128653943
    endloop
  endfacet
  facet normal 0 0.049067674327413206 0.9987954562051727
    outer loop
      vertex -6 19.074560577242007 28.261075128653943
      vertex 1 19.074560577242007 28.261075128653943
      vertex -6 19.299999999999997 28.249999999999996
    endloop
  endfacet
  facet normal 0 0.6715589548470164 0.7409511253549609
    outer loop
      vertex -6 17.673654403270938 28.923654403270938
      vertex 1 17.673654403270938 28.923654403270938
      vertex -6 17.840895446423612 28.772075957265702
    endloop
  endfacet
  facet normal 0 0.5956993044924275 0.8032075314806493
    outer loop
      vertex -6 17.840895446423612 28.772075957265702
      vertex 1 17.840895446423612 28.772075957265702
      vertex -6 18.022188464054913 28.637619891704144
    endloop
  endfacet
  facet normal 0 0.5141027441932321 0.8577286100002659
    outer loop
      vertex -6 18.022188464054913 28.637619891704144
      vertex 1 18.022188464054913 28.637619891704144
      vertex -6 18.215787505300202 28.52158109199878
    endloop
  endfacet
  facet normal -1.0897486171538673e-18 0.9415440651830189 0.33688985339222566
    outer loop
      vertex -6 17.17507707522404 29.669828105560292
      vertex -6 17.099037227815916 29.882345242314734
      vertex 1 17.099037227815916 29.882345242314734
    endloop
  endfacet
  facet normal -2.9343721559129794e-19 0.9700312531945449 0.24298017990326073
    outer loop
      vertex -6 17.099037227815916 29.882345242314734
      vertex -6 17.044193855072567 30.101292259362904
      vertex 1 17.044193855072567 30.101292259362904
    endloop
  endfacet
  facet normal -1.9782422585201113e-19 0.9891765099647793 0.14673047445537168
    outer loop
      vertex -6 17.044193855072567 30.101292259362904
      vertex -6 17.011075128653943 30.324560577242007
      vertex 1 17.011075128653943 30.324560577242007
    endloop
  endfacet
  facet normal 0 0.9987954562051728 0.04906767432740823
    outer loop
      vertex -4.6 17.00024076368836 30.545099142536255
      vertex 1 17.00024076368836 30.545099142536255
      vertex -6 17.011075128653943 30.324560577242007
    endloop
  endfacet
  facet normal -3.5760066640431733e-19 -0.9987954562051726 -0.0490676743274132
    outer loop
      vertex -6 21.58892487134605 30.775439422757987
      vertex -6 21.599999999999998 30.549999999999997
      vertex -4.6 21.599999999999998 30.549999999999997
    endloop
  endfacet
  facet normal -9.891211292600554e-19 -0.9891765099647795 -0.1467304744553717
    outer loop
      vertex -6 21.555806144927427 30.99870774063709
      vertex -6 21.58892487134605 30.775439422757987
      vertex -4.6 21.58892487134605 30.775439422757987
    endloop
  endfacet
  facet normal 3.532428459295951e-18 -0.9039892931234478 -0.4275550934302726
    outer loop
      vertex -6 21.328418908001215 31.634212494699792
      vertex -6 21.424922924775956 31.430171894439702
      vertex -4.6 21.424922924775956 31.430171894439702
    endloop
  endfacet
  facet normal -1.4671860779564893e-18 -0.9700312531945449 -0.24298017990326073
    outer loop
      vertex -6 21.500962772184078 31.21765475768526
      vertex -6 21.555806144927427 30.99870774063709
      vertex -4.6 21.555806144927427 30.99870774063709
    endloop
  endfacet
  facet normal -5.448743085769335e-18 -0.9415440651830188 -0.3368898533922256
    outer loop
      vertex -6 21.424922924775956 31.430171894439702
      vertex -6 21.500962772184078 31.21765475768526
      vertex -4.6 21.500962772184078 31.21765475768526
    endloop
  endfacet
  facet normal -5.113234507146598e-18 -0.8577286100002658 -0.514102744193232
    outer loop
      vertex -6 21.21238010829585 31.82781153594508
      vertex -6 21.328418908001215 31.634212494699792
      vertex -4.6 21.328418908001215 31.634212494699792
    endloop
  endfacet
  facet normal -4.2504506458485155e-18 -0.8032075314806438 -0.595699304492435
    outer loop
      vertex -6 21.077924042734292 32.00910455357638
      vertex -6 21.21238010829585 31.82781153594508
      vertex -4.6 21.21238010829585 31.82781153594508
    endloop
  endfacet
  facet normal 1.8802765702651465e-15 -0.7409511253549641 -0.6715589548470128
    outer loop
      vertex -6 20.950223853740557 32.15
      vertex -6 21.077924042734292 32.00910455357638
      vertex -4.6 20.95022385374056 32.15
    endloop
  endfacet
  facet normal 1.1249566934973883e-20 -0.9987954562051616 0.049067674327637034
    outer loop
      vertex -4.6 21.599759236311634 30.545099142536255
      vertex -4.6 21.599999999999998 30.549999999999997
      vertex -6 21.599999999999998 30.549999999999997
    endloop
  endfacet
  facet normal -3.5760066640431733e-19 -0.9987954562051726 -0.0490676743274132
    outer loop
      vertex -4.6 21.599999999999998 30.549999999999997
      vertex -4.6 21.58892487134605 30.775439422757987
      vertex -6 21.58892487134605 30.775439422757987
    endloop
  endfacet
  facet normal -9.891211292600554e-19 -0.9891765099647795 -0.1467304744553717
    outer loop
      vertex -4.6 21.58892487134605 30.775439422757987
      vertex -4.6 21.555806144927427 30.99870774063709
      vertex -6 21.555806144927427 30.99870774063709
    endloop
  endfacet
  facet normal -1.4671860779564893e-18 -0.9700312531945449 -0.24298017990326073
    outer loop
      vertex -4.6 21.555806144927427 30.99870774063709
      vertex -4.6 21.500962772184078 31.21765475768526
      vertex -6 21.500962772184078 31.21765475768526
    endloop
  endfacet
  facet normal 0 -0.9415440651830188 -0.3368898533922256
    outer loop
      vertex -6 21.424922924775956 31.430171894439702
      vertex -4.6 21.500962772184078 31.21765475768526
      vertex -4.6 21.424922924775956 31.430171894439702
    endloop
  endfacet
  facet normal 3.532428459295951e-18 -0.9039892931234478 -0.4275550934302726
    outer loop
      vertex -4.6 21.424922924775956 31.430171894439702
      vertex -4.6 21.328418908001215 31.634212494699792
      vertex -6 21.328418908001215 31.634212494699792
    endloop
  endfacet
  facet normal -5.113234507146598e-18 -0.8577286100002658 -0.514102744193232
    outer loop
      vertex -4.6 21.328418908001215 31.634212494699792
      vertex -4.6 21.21238010829585 31.82781153594508
      vertex -6 21.21238010829585 31.82781153594508
    endloop
  endfacet
  facet normal -4.2504506458485155e-18 -0.8032075314806438 -0.595699304492435
    outer loop
      vertex -4.6 21.21238010829585 31.82781153594508
      vertex -4.6 21.077924042734292 32.00910455357638
      vertex -6 21.077924042734292 32.00910455357638
    endloop
  endfacet
  facet normal 2.139267418696171e-18 -0.7409511253549733 -0.6715589548470026
    outer loop
      vertex -4.6 20.95022385374056 32.15
      vertex -6 21.077924042734292 32.00910455357638
      vertex -4.6 21.077924042734292 32.00910455357638
    endloop
  endfacet
  facet normal 0 -0.049067674327413206 0.9987954562051727
    outer loop
      vertex -6 19.299999999999997 28.249999999999996
      vertex 1 19.299999999999997 28.249999999999996
      vertex -6 19.525439422757987 28.261075128653943
    endloop
  endfacet
  facet normal 0 -0.14673047445537168 0.9891765099647793
    outer loop
      vertex -6 19.525439422757987 28.261075128653943
      vertex 1 19.525439422757987 28.261075128653943
      vertex -6 19.74870774063709 28.294193855072567
    endloop
  endfacet
  facet normal 0 -0.24298017990326073 0.9700312531945449
    outer loop
      vertex -6 19.74870774063709 28.294193855072567
      vertex 1 19.74870774063709 28.294193855072567
      vertex -6 19.96765475768526 28.349037227815916
    endloop
  endfacet
  facet normal 0 -0.33688985339222566 0.9415440651830189
    outer loop
      vertex -6 19.96765475768526 28.349037227815916
      vertex 1 19.96765475768526 28.349037227815916
      vertex -6 20.180171894439702 28.42507707522404
    endloop
  endfacet
  facet normal 0 -0.42755509343027265 0.9039892931234478
    outer loop
      vertex -6 20.180171894439702 28.42507707522404
      vertex 1 20.180171894439702 28.42507707522404
      vertex -6 20.384212494699792 28.52158109199878
    endloop
  endfacet
  facet normal 0 -0.5141027441932321 0.8577286100002659
    outer loop
      vertex -6 20.384212494699792 28.52158109199878
      vertex 1 20.384212494699792 28.52158109199878
      vertex -6 20.57781153594508 28.637619891704144
    endloop
  endfacet
  facet normal 0 -0.5956993044924275 0.8032075314806493
    outer loop
      vertex -6 20.57781153594508 28.637619891704144
      vertex 1 20.57781153594508 28.637619891704144
      vertex -6 20.759104553576382 28.772075957265702
    endloop
  endfacet
  facet normal 0 -0.6715589548470164 0.7409511253549609
    outer loop
      vertex -6 20.759104553576382 28.772075957265702
      vertex 1 20.759104553576382 28.772075957265702
      vertex -6 20.926345596729057 28.923654403270938
    endloop
  endfacet
  facet normal 0 -0.7409511253549609 0.6715589548470164
    outer loop
      vertex -6 20.926345596729057 28.923654403270938
      vertex 1 20.926345596729057 28.923654403270938
      vertex -6 21.077924042734292 29.090895446423612
    endloop
  endfacet
  facet normal 1.5402013554331918e-19 -0.8032075314806493 0.5956993044924275
    outer loop
      vertex -6 21.21238010829585 29.272188464054913
      vertex -6 21.077924042734292 29.090895446423612
      vertex 1 21.077924042734292 29.090895446423612
    endloop
  endfacet
  facet normal 1.02264690142932e-18 -0.8577286100002659 0.5141027441932321
    outer loop
      vertex -6 21.328418908001215 29.465787505300202
      vertex -6 21.21238010829585 29.272188464054913
      vertex 1 21.21238010829585 29.272188464054913
    endloop
  endfacet
  facet normal -7.064856918591904e-19 -0.9039892931234478 0.42755509343027265
    outer loop
      vertex -6 21.424922924775956 29.669828105560292
      vertex -6 21.328418908001215 29.465787505300202
      vertex 1 21.328418908001215 29.465787505300202
    endloop
  endfacet
  facet normal 1.0897486171538673e-18 -0.9415440651830189 0.33688985339222566
    outer loop
      vertex -6 21.500962772184078 29.882345242314734
      vertex -6 21.424922924775956 29.669828105560292
      vertex 1 21.424922924775956 29.669828105560292
    endloop
  endfacet
  facet normal 2.9343721559129794e-19 -0.9700312531945449 0.24298017990326073
    outer loop
      vertex -6 21.555806144927427 30.101292259362904
      vertex -6 21.500962772184078 29.882345242314734
      vertex 1 21.500962772184078 29.882345242314734
    endloop
  endfacet
  facet normal 1.9782422585201113e-19 -0.9891765099647793 0.14673047445537168
    outer loop
      vertex -6 21.58892487134605 30.324560577242007
      vertex -6 21.555806144927427 30.101292259362904
      vertex 1 21.555806144927427 30.101292259362904
    endloop
  endfacet
  facet normal 7.152013328086349e-20 -0.9987954562051727 0.049067674327413206
    outer loop
      vertex -6 21.599999999999998 30.549999999999997
      vertex -6 21.58892487134605 30.324560577242007
      vertex 1 21.58892487134605 30.324560577242007
    endloop
  endfacet
  facet normal -8.812055785102551e-16 -0.998795456205174 0.049067674327385916
    outer loop
      vertex -4.6 21.599759236311634 30.545099142536255
      vertex -6 21.599999999999998 30.549999999999997
      vertex 1 21.58892487134605 30.324560577242007
    endloop
  endfacet
  facet normal 0 0.8032075314806493 0.5956993044924275
    outer loop
      vertex -6 17.522075957265702 29.090895446423612
      vertex 1 17.387619891704144 29.272188464054913
      vertex 1 17.522075957265702 29.090895446423612
    endloop
  endfacet
  facet normal -1.0897486171538673e-18 0.9415440651830189 0.33688985339222566
    outer loop
      vertex 1 17.099037227815916 29.882345242314734
      vertex 1 17.17507707522404 29.669828105560292
      vertex -6 17.17507707522404 29.669828105560292
    endloop
  endfacet
  facet normal -1.02264690142932e-18 0.8577286100002659 0.5141027441932321
    outer loop
      vertex 1 17.27158109199878 29.465787505300202
      vertex 1 17.387619891704144 29.272188464054913
      vertex -6 17.387619891704144 29.272188464054913
    endloop
  endfacet
  facet normal 7.064856918591904e-19 0.9039892931234478 0.42755509343027265
    outer loop
      vertex 1 17.17507707522404 29.669828105560292
      vertex 1 17.27158109199878 29.465787505300202
      vertex -6 17.27158109199878 29.465787505300202
    endloop
  endfacet
  facet normal 0 0.5141027441932321 0.8577286100002659
    outer loop
      vertex -6 18.215787505300202 28.52158109199878
      vertex 1 18.022188464054913 28.637619891704144
      vertex 1 18.215787505300202 28.52158109199878
    endloop
  endfacet
  facet normal 0 0.42755509343027265 0.9039892931234478
    outer loop
      vertex -6 18.419828105560292 28.42507707522404
      vertex 1 18.215787505300202 28.52158109199878
      vertex 1 18.419828105560292 28.42507707522404
    endloop
  endfacet
  facet normal 0 0.33688985339222566 0.9415440651830189
    outer loop
      vertex -6 18.632345242314734 28.349037227815916
      vertex 1 18.419828105560292 28.42507707522404
      vertex 1 18.632345242314734 28.349037227815916
    endloop
  endfacet
  facet normal -2.9343721559129794e-19 0.24298017990326073 0.9700312531945449
    outer loop
      vertex 1 18.632345242314734 28.349037227815916
      vertex 1 18.851292259362904 28.294193855072567
      vertex -6 18.851292259362904 28.294193855072567
    endloop
  endfacet
  facet normal 0 0.14673047445537168 0.9891765099647793
    outer loop
      vertex -6 19.074560577242007 28.261075128653943
      vertex 1 18.851292259362904 28.294193855072567
      vertex 1 19.074560577242007 28.261075128653943
    endloop
  endfacet
  facet normal 0 0.049067674327413206 0.9987954562051727
    outer loop
      vertex -6 19.299999999999997 28.249999999999996
      vertex 1 19.074560577242007 28.261075128653943
      vertex 1 19.299999999999997 28.249999999999996
    endloop
  endfacet
  facet normal 0 0.6715589548470164 0.7409511253549609
    outer loop
      vertex -6 17.840895446423612 28.772075957265702
      vertex 1 17.673654403270938 28.923654403270938
      vertex 1 17.840895446423612 28.772075957265702
    endloop
  endfacet
  facet normal 0 0.5956993044924275 0.8032075314806493
    outer loop
      vertex -6 18.022188464054913 28.637619891704144
      vertex 1 17.840895446423612 28.772075957265702
      vertex 1 18.022188464054913 28.637619891704144
    endloop
  endfacet
  facet normal 4.3262097337377004e-19 0.7409511253549609 0.6715589548470164
    outer loop
      vertex 1 17.522075957265702 29.090895446423612
      vertex 1 17.673654403270938 28.923654403270938
      vertex -6 17.673654403270938 28.923654403270938
    endloop
  endfacet
  facet normal -2.9343721559129794e-19 0.9700312531945449 0.24298017990326073
    outer loop
      vertex 1 17.044193855072567 30.101292259362904
      vertex 1 17.099037227815916 29.882345242314734
      vertex -6 17.099037227815916 29.882345242314734
    endloop
  endfacet
  facet normal -1.9782422585201113e-19 0.9891765099647793 0.14673047445537168
    outer loop
      vertex 1 17.011075128653943 30.324560577242007
      vertex 1 17.044193855072567 30.101292259362904
      vertex -6 17.044193855072567 30.101292259362904
    endloop
  endfacet
  facet normal 9.180733314334441e-20 0.9987954562051727 0.049067674327408224
    outer loop
      vertex 1 17.00024076368836 30.545099142536255
      vertex 1 17.011075128653943 30.324560577242007
      vertex -6 17.011075128653943 30.324560577242007
    endloop
  endfacet
  facet normal 0 -0.049067674327413206 0.9987954562051727
    outer loop
      vertex -6 19.525439422757987 28.261075128653943
      vertex 1 19.299999999999997 28.249999999999996
      vertex 1 19.525439422757987 28.261075128653943
    endloop
  endfacet
  facet normal 0 -0.14673047445537168 0.9891765099647793
    outer loop
      vertex -6 19.74870774063709 28.294193855072567
      vertex 1 19.525439422757987 28.261075128653943
      vertex 1 19.74870774063709 28.294193855072567
    endloop
  endfacet
  facet normal 0 -0.24298017990326073 0.9700312531945449
    outer loop
      vertex -6 19.96765475768526 28.349037227815916
      vertex 1 19.74870774063709 28.294193855072567
      vertex 1 19.96765475768526 28.349037227815916
    endloop
  endfacet
  facet normal 0 -0.33688985339222566 0.9415440651830189
    outer loop
      vertex -6 20.180171894439702 28.42507707522404
      vertex 1 19.96765475768526 28.349037227815916
      vertex 1 20.180171894439702 28.42507707522404
    endloop
  endfacet
  facet normal 0 -0.42755509343027265 0.9039892931234478
    outer loop
      vertex -6 20.384212494699792 28.52158109199878
      vertex 1 20.180171894439702 28.42507707522404
      vertex 1 20.384212494699792 28.52158109199878
    endloop
  endfacet
  facet normal 1.02264690142932e-18 -0.5141027441932321 0.8577286100002659
    outer loop
      vertex 1 20.384212494699792 28.52158109199878
      vertex 1 20.57781153594508 28.637619891704144
      vertex -6 20.57781153594508 28.637619891704144
    endloop
  endfacet
  facet normal 0 -0.5956993044924275 0.8032075314806493
    outer loop
      vertex -6 20.759104553576382 28.772075957265702
      vertex 1 20.57781153594508 28.637619891704144
      vertex 1 20.759104553576382 28.772075957265702
    endloop
  endfacet
  facet normal -4.3262097337377004e-19 -0.6715589548470164 0.7409511253549609
    outer loop
      vertex 1 20.759104553576382 28.772075957265702
      vertex 1 20.926345596729057 28.923654403270938
      vertex -6 20.926345596729057 28.923654403270938
    endloop
  endfacet
  facet normal -4.3262097337377004e-19 -0.7409511253549609 0.6715589548470164
    outer loop
      vertex 1 20.926345596729057 28.923654403270938
      vertex 1 21.077924042734292 29.090895446423612
      vertex -6 21.077924042734292 29.090895446423612
    endloop
  endfacet
  facet normal 1.5402013554331918e-19 -0.8032075314806493 0.5956993044924275
    outer loop
      vertex 1 21.077924042734292 29.090895446423612
      vertex 1 21.21238010829585 29.272188464054913
      vertex -6 21.21238010829585 29.272188464054913
    endloop
  endfacet
  facet normal 1.02264690142932e-18 -0.8577286100002659 0.5141027441932321
    outer loop
      vertex 1 21.21238010829585 29.272188464054913
      vertex 1 21.328418908001215 29.465787505300202
      vertex -6 21.328418908001215 29.465787505300202
    endloop
  endfacet
  facet normal -7.064856918591904e-19 -0.9039892931234478 0.42755509343027265
    outer loop
      vertex 1 21.328418908001215 29.465787505300202
      vertex 1 21.424922924775956 29.669828105560292
      vertex -6 21.424922924775956 29.669828105560292
    endloop
  endfacet
  facet normal 1.0897486171538673e-18 -0.9415440651830189 0.33688985339222566
    outer loop
      vertex 1 21.424922924775956 29.669828105560292
      vertex 1 21.500962772184078 29.882345242314734
      vertex -6 21.500962772184078 29.882345242314734
    endloop
  endfacet
  facet normal 2.9343721559129794e-19 -0.9700312531945449 0.24298017990326073
    outer loop
      vertex 1 21.500962772184078 29.882345242314734
      vertex 1 21.555806144927427 30.101292259362904
      vertex -6 21.555806144927427 30.101292259362904
    endloop
  endfacet
  facet normal 1.9782422585201113e-19 -0.9891765099647793 0.14673047445537168
    outer loop
      vertex 1 21.555806144927427 30.101292259362904
      vertex 1 21.58892487134605 30.324560577242007
      vertex -6 21.58892487134605 30.324560577242007
    endloop
  endfacet
  facet normal 0 -0.9987954562051728 0.04906767432740823
    outer loop
      vertex -4.6 21.599759236311634 30.545099142536255
      vertex 1 21.58892487134605 30.324560577242007
      vertex 1 21.599759236311634 30.545099142536255
    endloop
  endfacet
endsolid OpenSCAD_Model
